"","scientific_name","latitude","longitude","type","source","countryCode"
"1","Bactris gasipaes",3.976222,-76.184472,"H","GBIF","COL"
"2","Bactris gasipaes",-0.956542,-77.860912,"H","GBIF","ECU"
"3","Bactris gasipaes",0.183,-78.918167,"H","GBIF","ECU"
"4","Bactris gasipaes",0.123425,-78.620453,"H","GBIF","ECU"
"5","Bactris gasipaes",-0.4,-76.5333,"H","GBIF","ECU"
"6","Bactris gasipaes",0.183056,-78.912222,"H","GBIF","ECU"
"7","Bactris gasipaes",-0.320967,-78.95149,"H","GBIF","ECU"
"8","Bactris gasipaes",0.183056,-78.910833,"H","GBIF","ECU"
"9","Bactris gasipaes",-0.862441,-77.817915,"H","GBIF","ECU"
"10","Bactris gasipaes",-0.876667,-77.723056,"H","GBIF","ECU"
"11","Bactris gasipaes",-1.732811,-77.502221,"H","GBIF","ECU"
"12","Bactris gasipaes",-0.935412,-77.484913,"H","GBIF","ECU"
"13","Bactris gasipaes",-0.771111,-77.774444,"H","GBIF","ECU"
"14","Bactris gasipaes",-0.862525,-77.817903,"H","GBIF","ECU"
"15","Bactris gasipaes",-0.934237,-77.484678,"H","GBIF","ECU"
"16","Bactris gasipaes",-0.945386,-77.8483,"H","GBIF","ECU"
"17","Bactris gasipaes",-0.934112,-77.484656,"H","GBIF","ECU"
"18","Bactris gasipaes",-0.934184,-77.484719,"H","GBIF","ECU"
"19","Bactris gasipaes",-0.935238,-77.484884,"H","GBIF","ECU"
"20","Bactris gasipaes",-0.935116,-77.484878,"H","GBIF","ECU"
"21","Bactris gasipaes",-1.731609,-77.110349,"H","GBIF","ECU"
"22","Bactris gasipaes",-0.081197,-76.157733,"H","GBIF","ECU"
"23","Bactris gasipaes",-0.618168,-76.991501,"H","GBIF","ECU"
"24","Bactris gasipaes",-0.77133,-77.77409,"H","GBIF","ECU"
"25","Bactris gasipaes",-0.71377,-77.72102,"H","GBIF","ECU"
"26","Bactris gasipaes",-0.77272,-77.77869,"H","GBIF","ECU"
"27","Bactris gasipaes",-0.771958,-77.773763,"H","GBIF","ECU"
"28","Bactris gasipaes",-0.75048,-77.81812,"H","GBIF","ECU"
"29","Bactris gasipaes",-0.747529,-77.815998,"H","GBIF","ECU"
"30","Bactris gasipaes",-0.771958,-77.773763,"H","GBIF","ECU"
"31","Bactris gasipaes",-0.75173,-77.81797,"H","GBIF","ECU"
"32","Bactris gasipaes",0.525274,-79.201582,"H","GBIF","ECU"
"33","Bactris gasipaes",-0.749443,-77.787019,"H","GBIF","ECU"
"34","Bactris gasipaes",-0.83103,-77.77307,"H","GBIF","ECU"
"36","Bactris gasipaes",0.18308,-78.91812,"H","GBIF","ECU"
"67","Bactris gasipaes",-12.62,-72.25,"H","GBIF","PER"
"68","Bactris gasipaes",-0.408445,-76.998797,"H","GBIF","ECU"
"69","Bactris gasipaes",-8.352887,-74.538131,"H","GBIF","PER"
"70","Bactris gasipaes",-1.731613,-77.11039,"H","GBIF","ECU"
"71","Bactris gasipaes",-6.583743,-76.140874,"H","GBIF","PER"
"72","Bactris gasipaes",-11.198837,-74.640847,"H","GBIF","PER"
"73","Bactris gasipaes",3.528076,-76.497989,"H","GBIF","COL"
"75","Bactris gasipaes",-1.045833,-77.711667,"H","GBIF","ECU"
"76","Bactris gasipaes",-2.280515,-78.117608,"H","GBIF","ECU"
"77","Bactris gasipaes",4.659922,-72.705058,"H","GBIF","COL"
"78","Bactris gasipaes",-1.948091,-77.99523,"H","GBIF","ECU"
"79","Bactris gasipaes",-1.730662,-77.109161,"H","GBIF","ECU"
"80","Bactris gasipaes",0.12336,-78.62068,"H","GBIF","ECU"
"81","Bactris gasipaes",-0.23419,-79.442501,"H","GBIF","ECU"
"82","Bactris gasipaes",-0.235304,-79.166404,"H","GBIF","ECU"
"87","Bactris gasipaes",-1.041118,-77.79214,"H","GBIF","ECU"
"88","Bactris gasipaes",-1.539854,-78.181999,"H","GBIF","ECU"
"89","Bactris gasipaes",-2.36768,-78.191952,"H","GBIF","ECU"
"90","Bactris gasipaes",-3.821889,-70.252665,"H","GBIF","COL"
"91","Bactris gasipaes",-3.818884,-70.340293,"H","GBIF","PER"
"92","Bactris gasipaes",-3.82452,-70.253402,"H","GBIF","COL"
"93","Bactris gasipaes",-3.824927,-70.252967,"H","GBIF","COL"
"94","Bactris gasipaes",-3.819362,-70.345485,"H","GBIF","PER"
"95","Bactris gasipaes",2.245213,-75.857021,"H","GBIF","COL"
"96","Bactris gasipaes",-4.010749,-69.968001,"H","GBIF","COL"
"97","Bactris gasipaes",-3.228751,-72.988743,"H","GBIF","PER"
"98","Bactris gasipaes",4.043357,-73.638803,"H","GBIF","COL"
"99","Bactris gasipaes",1.299663,-70.225992,"H","GBIF","COL"
"100","Bactris gasipaes",6.840688,-73.731469,"H","GBIF","COL"
"101","Bactris gasipaes",0.430997,-76.835142,"H","GBIF","COL"
"102","Bactris gasipaes",-4.02663,-78.899765,"H","GBIF","ECU"
"103","Bactris gasipaes",6.3095,-75.063239,"H","GBIF","COL"
"105","Bactris gasipaes",-12.906047,-71.399982,"H","GBIF","PER"
"106","Bactris gasipaes",5.201258,-75.866592,"H","GBIF","COL"
"108","Bactris gasipaes",-12.86014,-71.382397,"H","GBIF","PER"
"109","Bactris gasipaes",-3.626414,-70.409088,"H","GBIF","COL"
"110","Bactris gasipaes",-12.275272,-70.813482,"H","GBIF","PER"
"111","Bactris gasipaes",9.629604,-75.346835,"H","GBIF","COL"
"112","Bactris gasipaes",0.466225,-76.323211,"H","GBIF","COL"
"113","Bactris gasipaes",0.466241,-76.323446,"H","GBIF","COL"
"114","Bactris gasipaes",0.466742,-76.323339,"H","GBIF","COL"
"115","Bactris gasipaes",0.477891,-76.32048,"H","GBIF","COL"
"116","Bactris gasipaes",0.477914,-76.32047,"H","GBIF","COL"
"117","Bactris gasipaes",0.477884,-76.320501,"H","GBIF","COL"
"118","Bactris gasipaes",0.466225,-76.323211,"H","GBIF","COL"
"119","Bactris gasipaes",0.466241,-76.323446,"H","GBIF","COL"
"120","Bactris gasipaes",0.466742,-76.323339,"H","GBIF","COL"
"121","Bactris gasipaes",0.476264,-76.322591,"H","GBIF","COL"
"122","Bactris gasipaes",0.466241,-76.323446,"H","GBIF","COL"
"123","Bactris gasipaes",0.466225,-76.323211,"H","GBIF","COL"
"124","Bactris gasipaes",0.466742,-76.323339,"H","GBIF","COL"
"125","Bactris gasipaes",0.476264,-76.322591,"H","GBIF","COL"
"126","Bactris gasipaes",0.476264,-76.322591,"H","GBIF","COL"
"127","Bactris gasipaes",5.595372,-74.942038,"H","GBIF","COL"
"128","Bactris gasipaes",5.595372,-74.942038,"H","GBIF","COL"
"129","Bactris gasipaes",5.595372,-74.942038,"H","GBIF","COL"
"130","Bactris gasipaes",5.595372,-74.942038,"H","GBIF","COL"
"131","Bactris gasipaes",5.563866,-74.923571,"H","GBIF","COL"
"132","Bactris gasipaes",5.560605,-74.900764,"H","GBIF","COL"
"133","Bactris gasipaes",5.560605,-74.900764,"H","GBIF","COL"
"134","Bactris gasipaes",5.560605,-74.900764,"H","GBIF","COL"
"135","Bactris gasipaes",5.560605,-74.900764,"H","GBIF","COL"
"136","Bactris gasipaes",5.560605,-74.900764,"H","GBIF","COL"
"137","Bactris gasipaes",10.313333,-68.227783,"H","GBIF","VEN"
"138","Bactris gasipaes",4.291368,-72.874985,"H","GBIF","COL"
"139","Bactris gasipaes",4.294425,-72.876715,"H","GBIF","COL"
"140","Bactris gasipaes",0.624056,-76.999333,"H","GBIF","COL"
"141","Bactris gasipaes",4.222543,-72.474285,"H","GBIF","COL"
"142","Bactris gasipaes",4.222493,-72.474424,"H","GBIF","COL"
"143","Bactris gasipaes",6.91563,-71.53085,"H","GBIF","COL"
"144","Bactris gasipaes",6.93892,-71.53342,"H","GBIF","COL"
"145","Bactris gasipaes",6.93892,-71.53342,"H","GBIF","COL"
"146","Bactris gasipaes",5.689439,-72.130052,"H","GBIF","COL"
"147","Bactris gasipaes",5.821029,-72.164873,"H","GBIF","COL"
"148","Bactris gasipaes",5.821029,-72.164873,"H","GBIF","COL"
"149","Bactris gasipaes",5.821029,-72.164873,"H","GBIF","COL"
"150","Bactris gasipaes",5.821029,-72.164873,"H","GBIF","COL"
"151","Bactris gasipaes",5.821029,-72.164873,"H","GBIF","COL"
"152","Bactris gasipaes",5.77675,-72.14366,"H","GBIF","COL"
"153","Bactris gasipaes",5.77675,-72.14366,"H","GBIF","COL"
"154","Bactris gasipaes",5.77675,-72.14366,"H","GBIF","COL"
"155","Bactris gasipaes",5.710814,-72.171006,"H","GBIF","COL"
"156","Bactris gasipaes",5.532292,-72.225257,"H","GBIF","COL"
"157","Bactris gasipaes",5.500488,-72.175729,"H","GBIF","COL"
"158","Bactris gasipaes",5.870031,-72.05648,"H","GBIF","COL"
"159","Bactris gasipaes",5.517776,-72.182016,"H","GBIF","COL"
"160","Bactris gasipaes",5.906221,-72.049881,"H","GBIF","COL"
"161","Bactris gasipaes",5.668647,-72.20842,"H","GBIF","COL"
"162","Bactris gasipaes",5.668647,-72.20842,"H","GBIF","COL"
"163","Bactris gasipaes",5.668238,-72.208553,"H","GBIF","COL"
"164","Bactris gasipaes",5.668238,-72.208553,"H","GBIF","COL"
"165","Bactris gasipaes",5.668238,-72.208553,"H","GBIF","COL"
"166","Bactris gasipaes",5.668238,-72.208553,"H","GBIF","COL"
"167","Bactris gasipaes",0.430565,-76.835323,"H","GBIF","COL"
"168","Bactris gasipaes",-12.913757,-69.517813,"H","GBIF","PER"
"169","Bactris gasipaes",-0.852718,-77.791757,"H","GBIF","ECU"
"170","Bactris gasipaes",-0.371105,-79.655914,"H","GBIF","ECU"
"171","Bactris gasipaes",-0.356354,-78.838447,"H","GBIF","ECU"
"172","Bactris gasipaes",-0.434496,-79.949923,"H","GBIF","ECU"
"173","Bactris gasipaes",-0.715848,-77.719236,"H","GBIF","ECU"
"174","Bactris gasipaes",-1.524952,-78.012937,"H","GBIF","ECU"
"176","Bactris gasipaes",1.081549,-76.670239,"H","GBIF","COL"
"177","Bactris gasipaes",0.18308,-78.91812,"H","GBIF","ECU"
"178","Bactris gasipaes",0.18308,-78.91812,"H","GBIF","ECU"
"179","Bactris gasipaes",-1.513847,-77.978989,"H","GBIF","ECU"
"180","Bactris gasipaes",-12.9965,-73.539809,"H","GBIF","PER"
"181","Bactris gasipaes",-3.272772,-78.514947,"H","GBIF","ECU"
"182","Bactris gasipaes",-0.59,-79.36,"H","GBIF","ECU"
"183","Bactris gasipaes",-0.59,-79.36,"H","GBIF","ECU"
"184","Bactris gasipaes",-0.59,-79.36,"H","GBIF","ECU"
"185","Bactris gasipaes",-0.59,-79.36,"H","GBIF","ECU"
"186","Bactris gasipaes",-0.59,-79.36,"H","GBIF","ECU"
"187","Bactris gasipaes",-0.59,-79.36,"H","GBIF","ECU"
"188","Bactris gasipaes",-0.59,-79.36,"H","GBIF","ECU"
"189","Bactris gasipaes",-0.59,-79.36,"H","GBIF","ECU"
"190","Bactris gasipaes",-0.59,-79.36,"H","GBIF","ECU"
"191","Bactris gasipaes",-0.59,-79.36,"H","GBIF","ECU"
"192","Bactris gasipaes",-0.59,-79.36,"H","GBIF","ECU"
"193","Bactris gasipaes",-0.59,-79.36,"H","GBIF","ECU"
"194","Bactris gasipaes",-0.59,-79.36,"H","GBIF","ECU"
"195","Bactris gasipaes",-0.59,-79.36,"H","GBIF","ECU"
"196","Bactris gasipaes",-0.59,-79.36,"H","GBIF","ECU"
"197","Bactris gasipaes",-0.59,-79.36,"H","GBIF","ECU"
"198","Bactris gasipaes",-0.59,-79.36,"H","GBIF","ECU"
"199","Bactris gasipaes",-0.59,-79.36,"H","GBIF","ECU"
"200","Bactris gasipaes",-0.59,-79.36,"H","GBIF","ECU"
"201","Bactris gasipaes",-0.59,-79.36,"H","GBIF","ECU"
"202","Bactris gasipaes",-0.59,-79.36,"H","GBIF","ECU"
"203","Bactris gasipaes",-0.59,-79.36,"H","GBIF","ECU"
"204","Bactris gasipaes",-0.59,-79.36,"H","GBIF","ECU"
"205","Bactris gasipaes",-0.59,-79.36,"H","GBIF","ECU"
"206","Bactris gasipaes",-0.59,-79.36,"H","GBIF","ECU"
"207","Bactris gasipaes",-0.59,-79.36,"H","GBIF","ECU"
"208","Bactris gasipaes",-0.59,-79.36,"H","GBIF","ECU"
"209","Bactris gasipaes",-0.59,-79.36,"H","GBIF","ECU"
"210","Bactris gasipaes",-0.59,-79.36,"H","GBIF","ECU"
"211","Bactris gasipaes",-0.59,-79.36,"H","GBIF","ECU"
"212","Bactris gasipaes",-0.59,-79.36,"H","GBIF","ECU"
"213","Bactris gasipaes",-0.59,-79.36,"H","GBIF","ECU"
"214","Bactris gasipaes",-0.59,-79.36,"H","GBIF","ECU"
"215","Bactris gasipaes",-0.59,-79.36,"H","GBIF","ECU"
"216","Bactris gasipaes",-0.59,-79.36,"H","GBIF","ECU"
"217","Bactris gasipaes",-0.59,-79.36,"H","GBIF","ECU"
"218","Bactris gasipaes",-0.59,-79.36,"H","GBIF","ECU"
"219","Bactris gasipaes",-0.59,-79.36,"H","GBIF","ECU"
"220","Bactris gasipaes",-0.28,-79.13,"H","GBIF","ECU"
"221","Bactris gasipaes",-0.28,-79.13,"H","GBIF","ECU"
"222","Bactris gasipaes",-0.28,-79.13,"H","GBIF","ECU"
"223","Bactris gasipaes",-0.28,-79.13,"H","GBIF","ECU"
"224","Bactris gasipaes",-0.28,-79.13,"H","GBIF","ECU"
"225","Bactris gasipaes",-0.28,-79.13,"H","GBIF","ECU"
"226","Bactris gasipaes",-0.28,-79.13,"H","GBIF","ECU"
"227","Bactris gasipaes",-0.28,-79.13,"H","GBIF","ECU"
"228","Bactris gasipaes",-0.28,-79.13,"H","GBIF","ECU"
"229","Bactris gasipaes",-0.28,-79.13,"H","GBIF","ECU"
"230","Bactris gasipaes",-0.28,-79.13,"H","GBIF","ECU"
"231","Bactris gasipaes",-0.28,-79.13,"H","GBIF","ECU"
"232","Bactris gasipaes",-0.28,-79.13,"H","GBIF","ECU"
"233","Bactris gasipaes",-0.28,-79.13,"H","GBIF","ECU"
"234","Bactris gasipaes",-0.28,-79.13,"H","GBIF","ECU"
"235","Bactris gasipaes",-0.28,-79.13,"H","GBIF","ECU"
"236","Bactris gasipaes",-0.28,-79.13,"H","GBIF","ECU"
"237","Bactris gasipaes",-0.28,-79.13,"H","GBIF","ECU"
"238","Bactris gasipaes",-0.27,-79.13,"H","GBIF","ECU"
"239","Bactris gasipaes",-0.27,-79.13,"H","GBIF","ECU"
"240","Bactris gasipaes",-0.27,-79.13,"H","GBIF","ECU"
"241","Bactris gasipaes",-0.27,-79.13,"H","GBIF","ECU"
"242","Bactris gasipaes",-0.27,-79.13,"H","GBIF","ECU"
"243","Bactris gasipaes",-0.27,-79.13,"H","GBIF","ECU"
"244","Bactris gasipaes",-0.27,-79.13,"H","GBIF","ECU"
"245","Bactris gasipaes",-0.27,-79.13,"H","GBIF","ECU"
"246","Bactris gasipaes",-0.27,-79.13,"H","GBIF","ECU"
"247","Bactris gasipaes",-0.27,-79.13,"H","GBIF","ECU"
"248","Bactris gasipaes",-0.27,-79.13,"H","GBIF","ECU"
"249","Bactris gasipaes",-0.27,-79.13,"H","GBIF","ECU"
"250","Bactris gasipaes",-0.28,-79.13,"H","GBIF","ECU"
"251","Bactris gasipaes",-0.23,-79.15,"H","GBIF","ECU"
"252","Bactris gasipaes",-0.23,-79.15,"H","GBIF","ECU"
"253","Bactris gasipaes",-0.23,-79.15,"H","GBIF","ECU"
"254","Bactris gasipaes",-0.23,-79.15,"H","GBIF","ECU"
"255","Bactris gasipaes",-0.23,-79.15,"H","GBIF","ECU"
"256","Bactris gasipaes",-0.23,-79.15,"H","GBIF","ECU"
"257","Bactris gasipaes",-0.23,-79.15,"H","GBIF","ECU"
"258","Bactris gasipaes",-0.23,-79.15,"H","GBIF","ECU"
"259","Bactris gasipaes",-0.23,-79.15,"H","GBIF","ECU"
"260","Bactris gasipaes",-0.23,-79.15,"H","GBIF","ECU"
"261","Bactris gasipaes",-0.23,-79.15,"H","GBIF","ECU"
"262","Bactris gasipaes",-0.23,-79.15,"H","GBIF","ECU"
"263","Bactris gasipaes",-0.23,-79.15,"H","GBIF","ECU"
"264","Bactris gasipaes",-0.23,-79.15,"H","GBIF","ECU"
"265","Bactris gasipaes",-0.23,-79.15,"H","GBIF","ECU"
"266","Bactris gasipaes",-0.23,-79.15,"H","GBIF","ECU"
"267","Bactris gasipaes",-0.23,-79.15,"H","GBIF","ECU"
"268","Bactris gasipaes",-0.23,-79.15,"H","GBIF","ECU"
"269","Bactris gasipaes",-0.23,-79.15,"H","GBIF","ECU"
"270","Bactris gasipaes",-0.23,-79.15,"H","GBIF","ECU"
"271","Bactris gasipaes",-0.23,-79.15,"H","GBIF","ECU"
"272","Bactris gasipaes",-0.23,-79.15,"H","GBIF","ECU"
"273","Bactris gasipaes",-0.23,-79.15,"H","GBIF","ECU"
"274","Bactris gasipaes",-0.23,-79.15,"H","GBIF","ECU"
"275","Bactris gasipaes",-0.23,-79.15,"H","GBIF","ECU"
"276","Bactris gasipaes",-0.23,-79.15,"H","GBIF","ECU"
"277","Bactris gasipaes",-0.23,-79.15,"H","GBIF","ECU"
"278","Bactris gasipaes",-0.23,-79.15,"H","GBIF","ECU"
"279","Bactris gasipaes",-0.23,-79.15,"H","GBIF","ECU"
"280","Bactris gasipaes",-0.23,-79.15,"H","GBIF","ECU"
"281","Bactris gasipaes",-0.23,-79.15,"H","GBIF","ECU"
"282","Bactris gasipaes",-0.23,-79.15,"H","GBIF","ECU"
"283","Bactris gasipaes",-0.23,-79.15,"H","GBIF","ECU"
"284","Bactris gasipaes",-0.23,-79.15,"H","GBIF","ECU"
"285","Bactris gasipaes",-0.23,-79.15,"H","GBIF","ECU"
"286","Bactris gasipaes",-0.23,-79.15,"H","GBIF","ECU"
"287","Bactris gasipaes",-0.23,-79.15,"H","GBIF","ECU"
"288","Bactris gasipaes",-0.23,-79.15,"H","GBIF","ECU"
"289","Bactris gasipaes",-0.23,-79.15,"H","GBIF","ECU"
"290","Bactris gasipaes",-0.23,-79.15,"H","GBIF","ECU"
"291","Bactris gasipaes",-0.23,-79.15,"H","GBIF","ECU"
"292","Bactris gasipaes",-0.23,-79.15,"H","GBIF","ECU"
"293","Bactris gasipaes",-0.23,-79.15,"H","GBIF","ECU"
"294","Bactris gasipaes",-0.23,-79.15,"H","GBIF","ECU"
"295","Bactris gasipaes",-0.23,-79.15,"H","GBIF","ECU"
"296","Bactris gasipaes",-0.3,-79.05,"H","GBIF","ECU"
"297","Bactris gasipaes",-0.3,-79.05,"H","GBIF","ECU"
"298","Bactris gasipaes",-0.3,-79.05,"H","GBIF","ECU"
"299","Bactris gasipaes",-0.3,-79.05,"H","GBIF","ECU"
"300","Bactris gasipaes",-0.3,-79.05,"H","GBIF","ECU"
"301","Bactris gasipaes",-0.3,-79.05,"H","GBIF","ECU"
"302","Bactris gasipaes",-0.3,-79.05,"H","GBIF","ECU"
"303","Bactris gasipaes",-0.3,-79.05,"H","GBIF","ECU"
"304","Bactris gasipaes",-0.3,-79.05,"H","GBIF","ECU"
"305","Bactris gasipaes",-0.3,-79.05,"H","GBIF","ECU"
"306","Bactris gasipaes",-0.3,-79.05,"H","GBIF","ECU"
"307","Bactris gasipaes",-0.3,-79.05,"H","GBIF","ECU"
"308","Bactris gasipaes",-0.3,-79.04,"H","GBIF","ECU"
"309","Bactris gasipaes",-0.3,-79.04,"H","GBIF","ECU"
"310","Bactris gasipaes",-0.3,-79.04,"H","GBIF","ECU"
"311","Bactris gasipaes",-0.3,-79.04,"H","GBIF","ECU"
"312","Bactris gasipaes",-0.3,-79.04,"H","GBIF","ECU"
"313","Bactris gasipaes",-0.3,-79.04,"H","GBIF","ECU"
"314","Bactris gasipaes",-0.3,-79.04,"H","GBIF","ECU"
"315","Bactris gasipaes",-0.3,-79.04,"H","GBIF","ECU"
"316","Bactris gasipaes",-0.3,-79.04,"H","GBIF","ECU"
"317","Bactris gasipaes",-0.3,-79.04,"H","GBIF","ECU"
"318","Bactris gasipaes",-0.3,-79.04,"H","GBIF","ECU"
"319","Bactris gasipaes",-0.3,-79.04,"H","GBIF","ECU"
"320","Bactris gasipaes",-0.3,-79.04,"H","GBIF","ECU"
"321","Bactris gasipaes",-0.3,-79.04,"H","GBIF","ECU"
"322","Bactris gasipaes",-0.3,-79.04,"H","GBIF","ECU"
"323","Bactris gasipaes",-0.3,-79.04,"H","GBIF","ECU"
"324","Bactris gasipaes",-0.3,-79.04,"H","GBIF","ECU"
"325","Bactris gasipaes",-0.3,-79.04,"H","GBIF","ECU"
"326","Bactris gasipaes",-0.3,-79.04,"H","GBIF","ECU"
"327","Bactris gasipaes",-0.3,-79.04,"H","GBIF","ECU"
"328","Bactris gasipaes",-0.3,-79.04,"H","GBIF","ECU"
"329","Bactris gasipaes",-0.3,-79.04,"H","GBIF","ECU"
"330","Bactris gasipaes",-0.3,-79.04,"H","GBIF","ECU"
"331","Bactris gasipaes",-0.3,-79.04,"H","GBIF","ECU"
"332","Bactris gasipaes",-0.3,-79.04,"H","GBIF","ECU"
"333","Bactris gasipaes",-0.3,-79.04,"H","GBIF","ECU"
"334","Bactris gasipaes",-0.3,-79.04,"H","GBIF","ECU"
"335","Bactris gasipaes",-0.3,-79.04,"H","GBIF","ECU"
"336","Bactris gasipaes",-0.3,-79.04,"H","GBIF","ECU"
"337","Bactris gasipaes",-0.3,-79.04,"H","GBIF","ECU"
"338","Bactris gasipaes",-0.3,-79.04,"H","GBIF","ECU"
"339","Bactris gasipaes",-0.3,-79.04,"H","GBIF","ECU"
"340","Bactris gasipaes",-0.3,-79.04,"H","GBIF","ECU"
"341","Bactris gasipaes",-0.3,-79.04,"H","GBIF","ECU"
"342","Bactris gasipaes",-0.3,-79.04,"H","GBIF","ECU"
"343","Bactris gasipaes",-0.3,-79.04,"H","GBIF","ECU"
"344","Bactris gasipaes",-0.3,-79.04,"H","GBIF","ECU"
"345","Bactris gasipaes",-0.3,-79.04,"H","GBIF","ECU"
"346","Bactris gasipaes",-0.3,-79.04,"H","GBIF","ECU"
"347","Bactris gasipaes",-0.3,-79.05,"H","GBIF","ECU"
"348","Bactris gasipaes",-0.3,-79.05,"H","GBIF","ECU"
"349","Bactris gasipaes",-0.3,-79.05,"H","GBIF","ECU"
"350","Bactris gasipaes",-0.3,-79.05,"H","GBIF","ECU"
"351","Bactris gasipaes",-0.3,-79.05,"H","GBIF","ECU"
"352","Bactris gasipaes",-0.01,-79.39,"H","GBIF","ECU"
"353","Bactris gasipaes",-0.01,-79.39,"H","GBIF","ECU"
"354","Bactris gasipaes",-0.01,-79.39,"H","GBIF","ECU"
"355","Bactris gasipaes",-0.01,-79.39,"H","GBIF","ECU"
"356","Bactris gasipaes",-0.01,-79.39,"H","GBIF","ECU"
"357","Bactris gasipaes",-0.01,-79.39,"H","GBIF","ECU"
"358","Bactris gasipaes",-0.01,-79.39,"H","GBIF","ECU"
"359","Bactris gasipaes",-0.01,-79.39,"H","GBIF","ECU"
"360","Bactris gasipaes",-0.01,-79.39,"H","GBIF","ECU"
"361","Bactris gasipaes",-0.01,-79.39,"H","GBIF","ECU"
"362","Bactris gasipaes",-0.01,-79.39,"H","GBIF","ECU"
"363","Bactris gasipaes",-0.01,-79.39,"H","GBIF","ECU"
"364","Bactris gasipaes",-0.01,-79.39,"H","GBIF","ECU"
"365","Bactris gasipaes",-0.01,-79.39,"H","GBIF","ECU"
"366","Bactris gasipaes",-0.01,-79.39,"H","GBIF","ECU"
"367","Bactris gasipaes",-0.01,-79.39,"H","GBIF","ECU"
"368","Bactris gasipaes",-0.01,-79.39,"H","GBIF","ECU"
"369","Bactris gasipaes",-0.01,-79.39,"H","GBIF","ECU"
"370","Bactris gasipaes",-0.01,-79.39,"H","GBIF","ECU"
"371","Bactris gasipaes",-0.01,-79.39,"H","GBIF","ECU"
"372","Bactris gasipaes",-0.01,-79.39,"H","GBIF","ECU"
"373","Bactris gasipaes",-0.01,-79.39,"H","GBIF","ECU"
"374","Bactris gasipaes",-0.01,-79.39,"H","GBIF","ECU"
"375","Bactris gasipaes",-0.01,-79.38,"H","GBIF","ECU"
"376","Bactris gasipaes",-0.01,-79.38,"H","GBIF","ECU"
"377","Bactris gasipaes",-0.01,-79.38,"H","GBIF","ECU"
"378","Bactris gasipaes",-0.01,-79.38,"H","GBIF","ECU"
"379","Bactris gasipaes",-0.01,-79.38,"H","GBIF","ECU"
"380","Bactris gasipaes",-0.01,-79.38,"H","GBIF","ECU"
"381","Bactris gasipaes",-0.01,-79.38,"H","GBIF","ECU"
"382","Bactris gasipaes",-0.01,-79.38,"H","GBIF","ECU"
"383","Bactris gasipaes",-0.01,-79.38,"H","GBIF","ECU"
"384","Bactris gasipaes",-0.01,-79.38,"H","GBIF","ECU"
"385","Bactris gasipaes",-0.03,-79.4,"H","GBIF","ECU"
"386","Bactris gasipaes",-0.03,-79.4,"H","GBIF","ECU"
"387","Bactris gasipaes",-0.03,-79.4,"H","GBIF","ECU"
"388","Bactris gasipaes",-0.03,-79.4,"H","GBIF","ECU"
"389","Bactris gasipaes",-0.03,-79.4,"H","GBIF","ECU"
"390","Bactris gasipaes",-0.03,-79.4,"H","GBIF","ECU"
"391","Bactris gasipaes",-0.03,-79.4,"H","GBIF","ECU"
"392","Bactris gasipaes",-0.03,-79.4,"H","GBIF","ECU"
"393","Bactris gasipaes",-0.03,-79.4,"H","GBIF","ECU"
"394","Bactris gasipaes",-0.03,-79.4,"H","GBIF","ECU"
"395","Bactris gasipaes",-0.03,-79.4,"H","GBIF","ECU"
"396","Bactris gasipaes",-0.03,-79.4,"H","GBIF","ECU"
"397","Bactris gasipaes",-0.03,-79.4,"H","GBIF","ECU"
"398","Bactris gasipaes",-0.03,-79.4,"H","GBIF","ECU"
"399","Bactris gasipaes",-0.03,-79.4,"H","GBIF","ECU"
"400","Bactris gasipaes",-0.03,-79.4,"H","GBIF","ECU"
"401","Bactris gasipaes",-0.03,-79.4,"H","GBIF","ECU"
"402","Bactris gasipaes",-0.02,-79.39,"H","GBIF","ECU"
"403","Bactris gasipaes",-0.02,-79.39,"H","GBIF","ECU"
"404","Bactris gasipaes",-0.02,-79.39,"H","GBIF","ECU"
"405","Bactris gasipaes",-11.23,-73.7,"H","GBIF","PER"
"406","Bactris gasipaes",-12.47,-69.08,"H","GBIF","PER"
"407","Bactris gasipaes",-12.47,-69.08,"H","GBIF","PER"
"408","Bactris gasipaes",-12.47,-69.08,"H","GBIF","PER"
"409","Bactris gasipaes",-12.47,-69.08,"H","GBIF","PER"
"410","Bactris gasipaes",-12.47,-69.08,"H","GBIF","PER"
"411","Bactris gasipaes",-12.47,-69.08,"H","GBIF","PER"
"412","Bactris gasipaes",-12.47,-69.08,"H","GBIF","PER"
"413","Bactris gasipaes",-11.29,-69.51,"H","GBIF","PER"
"414","Bactris gasipaes",-11.15,-69.55,"H","GBIF","PER"
"415","Bactris gasipaes",-11.15,-69.55,"H","GBIF","PER"
"416","Bactris gasipaes",-11.15,-69.55,"H","GBIF","PER"
"417","Bactris gasipaes",-11.15,-69.55,"H","GBIF","PER"
"418","Bactris gasipaes",-11.15,-69.55,"H","GBIF","PER"
"419","Bactris gasipaes",-11.15,-69.55,"H","GBIF","PER"
"420","Bactris gasipaes",-12.51,-68.8,"H","GBIF","PER"
"421","Bactris gasipaes",-12.51,-68.8,"H","GBIF","PER"
"422","Bactris gasipaes",-12.51,-68.8,"H","GBIF","PER"
"423","Bactris gasipaes",-12.5,-68.85,"H","GBIF","PER"
"424","Bactris gasipaes",-12.5,-68.85,"H","GBIF","PER"
"425","Bactris gasipaes",-12.5,-68.85,"H","GBIF","PER"
"426","Bactris gasipaes",-6.91,-75.24,"H","GBIF","PER"
"427","Bactris gasipaes",-7.03,-75.09,"H","GBIF","PER"
"428","Bactris gasipaes",-7.2,-75.07,"H","GBIF","PER"
"429","Bactris gasipaes",-3.65,-73.3,"H","GBIF","PER"
"430","Bactris gasipaes",-3.65,-73.3,"H","GBIF","PER"
"431","Bactris gasipaes",-0.541122,-77.430533,"H","GBIF","ECU"
"432","Bactris gasipaes",10.246339,-73.739522,"H","GBIF","COL"
"433","Bactris gasipaes",10.246339,-73.739522,"H","GBIF","COL"
"434","Bactris gasipaes",10.246339,-73.739522,"H","GBIF","COL"
"435","Bactris gasipaes",-12.706061,-73.779241,"H","GBIF","PER"
"436","Bactris gasipaes",-0.87652,-77.722946,"H","GBIF","ECU"
"437","Bactris gasipaes",-0.771853,-77.773241,"H","GBIF","ECU"
"438","Bactris gasipaes",-3.647588,-79.555022,"H","GBIF","ECU"
"439","Bactris gasipaes",-0.77246,-77.774913,"H","GBIF","ECU"
"440","Bactris gasipaes",-1.044826,-77.757985,"H","GBIF","ECU"
"441","Bactris gasipaes",-0.875773,-77.725301,"H","GBIF","ECU"
"442","Bactris gasipaes",-0.945913,-77.830458,"H","GBIF","ECU"
"443","Bactris gasipaes",-1.050585,-77.691283,"H","GBIF","ECU"
"444","Bactris gasipaes",0.481124,-79.184665,"H","GBIF","ECU"
"445","Bactris gasipaes",0.182348,-77.240515,"H","GBIF","ECU"
"446","Bactris gasipaes",-0.96035,-77.881902,"H","GBIF","ECU"
"447","Bactris gasipaes",-3.54192,-78.645929,"H","GBIF","ECU"
"448","Bactris gasipaes",-3.600535,-78.54703,"H","GBIF","ECU"
"450","Bactris gasipaes",-0.270421,-79.54175,"H","GBIF","ECU"
"451","Bactris gasipaes",-0.121864,-80.127578,"H","GBIF","ECU"
"452","Bactris gasipaes",-0.118023,-80.129768,"H","GBIF","ECU"
"453","Bactris gasipaes",-1.047602,-77.667039,"H","GBIF","ECU"
"454","Bactris gasipaes",-0.407613,-77.000336,"H","GBIF","ECU"
"455","Bactris gasipaes",-3.55085,-78.661732,"H","GBIF","ECU"
"456","Bactris gasipaes",-3.636386,-78.563652,"H","GBIF","ECU"
"457","Bactris gasipaes",-1.064489,-77.639228,"H","GBIF","ECU"
"458","Bactris gasipaes",-1.505454,-78.072879,"H","GBIF","ECU"
"459","Bactris gasipaes",-0.964613,-77.889817,"H","GBIF","ECU"
"460","Bactris gasipaes",-3.583702,-78.51586,"H","GBIF","ECU"
"461","Bactris gasipaes",-4.082008,-78.967061,"H","GBIF","ECU"
"462","Bactris gasipaes",-3.610603,-78.52858,"H","GBIF","ECU"
"463","Bactris gasipaes",-0.994516,-77.818618,"H","GBIF","ECU"
"464","Bactris gasipaes",-0.994514,-77.818786,"H","GBIF","ECU"
"465","Bactris gasipaes",-3.550967,-78.661647,"H","GBIF","ECU"
"466","Bactris gasipaes",-3.659147,-78.495568,"H","GBIF","ECU"
"467","Bactris gasipaes",-0.950944,-77.859242,"H","GBIF","ECU"
"468","Bactris gasipaes",0.16267,-79.064007,"H","GBIF","ECU"
"469","Bactris gasipaes",-0.735573,-76.887994,"H","GBIF","ECU"
"470","Bactris gasipaes",-0.315329,-78.95866,"H","GBIF","ECU"
"471","Bactris gasipaes",-0.321441,-78.951614,"H","GBIF","ECU"
"472","Bactris gasipaes",-0.694161,-77.730436,"H","GBIF","ECU"
"473","Bactris gasipaes",-1.068823,-80.886806,"H","GBIF","ECU"
"474","Bactris gasipaes",-0.439986,-80.348797,"H","GBIF","ECU"
"475","Bactris gasipaes",-3.628209,-78.580953,"H","GBIF","ECU"
"476","Bactris gasipaes",-0.985972,-77.810583,"H","GBIF","ECU"
"477","Bactris gasipaes",-3.337762,-79.739288,"H","GBIF","ECU"
"478","Bactris gasipaes",0.249163,-79.540765,"H","GBIF","ECU"
"479","Bactris gasipaes",-0.995596,-77.812968,"H","GBIF","ECU"
"480","Bactris gasipaes",-0.992607,-77.817595,"H","GBIF","ECU"
"481","Bactris gasipaes",0.154742,-79.224393,"H","GBIF","ECU"
"482","Bactris gasipaes",0.137791,-76.275639,"H","GBIF","ECU"
"483","Bactris gasipaes",0.131287,-78.676438,"H","GBIF","ECU"
"484","Bactris gasipaes",-0.077798,-78.989397,"H","GBIF","ECU"
"485","Bactris gasipaes",-0.987579,-77.811533,"H","GBIF","ECU"
"486","Bactris gasipaes",-1.831239,-78.183406,"H","GBIF","ECU"
"487","Bactris gasipaes",-0.925299,-77.820593,"H","GBIF","ECU"
"488","Bactris gasipaes",-0.96491,-77.857163,"H","GBIF","ECU"
"489","Bactris gasipaes",-0.892961,-77.807283,"H","GBIF","ECU"
"490","Bactris gasipaes",-4.085844,-78.93903,"H","GBIF","ECU"
"491","Bactris gasipaes",-1.652049,-77.916986,"H","GBIF","ECU"
"492","Bactris gasipaes",0.308986,-78.779328,"H","GBIF","ECU"
"493","Bactris gasipaes",0.0012,-78.939298,"H","GBIF","ECU"
"494","Bactris gasipaes",-3.33489,-79.706587,"H","GBIF","ECU"
"495","Bactris gasipaes",4.609187,-75.789995,"H","GBIF","COL"
"496","Bactris gasipaes",-0.321388,-78.951713,"H","GBIF","ECU"
"497","Bactris gasipaes",-3.33497,-79.706908,"H","GBIF","ECU"
"498","Bactris gasipaes",10.451848,-74.051518,"H","GBIF","COL"
"499","Bactris gasipaes",-3.446899,-78.464081,"H","GBIF","ECU"
"500","Bactris gasipaes",-1.617782,-77.8406,"H","GBIF","ECU"
"502","Bactris gasipaes",4.668259,-75.892707,"H","GBIF","COL"
"503","Bactris gasipaes",4.668259,-75.892707,"H","GBIF","COL"
"504","Bactris gasipaes",4.668259,-75.892707,"H","GBIF","COL"
"505","Bactris gasipaes",4.413275,-75.93177,"H","GBIF","COL"
"506","Bactris gasipaes",4.103324,-76.381972,"H","GBIF","COL"
"507","Bactris gasipaes",4.163621,-76.34388,"H","GBIF","COL"
"508","Bactris gasipaes",1.136778,-78.030806,"H","GBIF","COL"
"509","Bactris gasipaes",6.114441,-77.397137,"H","GBIF","COL"
"510","Bactris gasipaes",5.560244,-67.491053,"H","GBIF","VEN"
"511","Bactris gasipaes",-12.625454,-69.190221,"H","GBIF","PER"
"512","Bactris gasipaes",1.304438,-75.980806,"H","GBIF","COL"
"514","Bactris gasipaes",3.534612,-76.75341,"H","GBIF","COL"
"515","Bactris gasipaes",5.154269,-74.167228,"H","GBIF","COL"
"516","Bactris gasipaes",-4.201231,-69.943694,"H","GBIF","COL"
"517","Bactris gasipaes",-3.736369,-70.493891,"H","GBIF","COL"
"518","Bactris gasipaes",5.154269,-74.167228,"H","GBIF","COL"
"519","Bactris gasipaes",5.154269,-74.167228,"H","GBIF","COL"
"520","Bactris gasipaes",0.266667,-74.8667,"H","GBIF","COL"
"521","Bactris gasipaes",5.154269,-74.167228,"H","GBIF","COL"
"522","Bactris gasipaes",-0.317784,-78.927418,"H","GBIF","ECU"
"523","Bactris gasipaes",7.013,-76.280723,"H","GBIF","COL"
"524","Bactris gasipaes",7.012218,-76.284614,"H","GBIF","COL"
"525","Bactris gasipaes",7.012218,-76.284614,"H","GBIF","COL"
"526","Bactris gasipaes",7.012218,-76.284614,"H","GBIF","COL"
"527","Bactris gasipaes",7.012344,-76.284529,"H","GBIF","COL"
"528","Bactris gasipaes",7.012344,-76.284529,"H","GBIF","COL"
"529","Bactris gasipaes",7.012218,-76.284614,"H","GBIF","COL"
"530","Bactris gasipaes",7.012218,-76.284614,"H","GBIF","COL"
"531","Bactris gasipaes",7.012218,-76.284614,"H","GBIF","COL"
"532","Bactris gasipaes",7.012344,-76.284529,"H","GBIF","COL"
"533","Bactris gasipaes",7.012344,-76.284529,"H","GBIF","COL"
"534","Bactris gasipaes",7.012344,-76.284529,"H","GBIF","COL"
"535","Bactris gasipaes",7.012344,-76.284529,"H","GBIF","COL"
"536","Bactris gasipaes",7.010929,-76.284731,"H","GBIF","COL"
"537","Bactris gasipaes",11.25,-73.5,"H","GBIF","COL"
"538","Bactris gasipaes",11.25,-73.5,"H","GBIF","COL"
"539","Bactris gasipaes",11.25,-73.5,"H","GBIF","COL"
"540","Bactris gasipaes",11.25,-73.5,"H","GBIF","COL"
"541","Bactris gasipaes",11.25,-73.5,"H","GBIF","COL"
"542","Bactris gasipaes",11.248761,-73.66724,"H","GBIF","COL"
"543","Bactris gasipaes",11.248761,-73.66724,"H","GBIF","COL"
"544","Bactris gasipaes",11.248761,-73.66724,"H","GBIF","COL"
"545","Bactris gasipaes",11.248761,-73.66724,"H","GBIF","COL"
"546","Bactris gasipaes",11.248761,-73.66724,"H","GBIF","COL"
"547","Bactris gasipaes",11.248761,-73.66724,"H","GBIF","COL"
"548","Bactris gasipaes",9.883339,-75.199972,"H","GBIF","COL"
"549","Bactris gasipaes",9.883339,-75.199972,"H","GBIF","COL"
"550","Bactris gasipaes",9.883339,-75.199972,"H","GBIF","COL"
"551","Bactris gasipaes",9.883339,-75.199972,"H","GBIF","COL"
"552","Bactris gasipaes",9.883339,-75.199972,"H","GBIF","COL"
"553","Bactris gasipaes",9.883339,-75.199972,"H","GBIF","COL"
"554","Bactris gasipaes",9.883339,-75.199972,"H","GBIF","COL"
"555","Bactris gasipaes",9.883339,-75.199972,"H","GBIF","COL"
"556","Bactris gasipaes",-9.616,-74.933,"H","GBIF","PER"
"558","Bactris gasipaes",-0.233,-79.133,"H","GBIF","ECU"
"559","Bactris gasipaes",-0.733,-79.466,"H","GBIF","ECU"
"560","Bactris gasipaes",-2.633,-78.216,"H","GBIF","ECU"
"561","Bactris gasipaes",-0.3,-76.866,"H","GBIF","ECU"
"563","Bactris gasipaes",-0.333,-79.75,"H","GBIF","ECU"
"564","Bactris gasipaes",-0.533,-76.383,"H","GBIF","ECU"
"565","Bactris gasipaes",-12.519,-68.806,"H","GBIF","PER"
"566","Bactris gasipaes",-7.033,-75.09,"H","GBIF","PER"
"567","Bactris gasipaes",-6.903,-75.284,"H","GBIF","PER"
"568","Bactris gasipaes",-7.206,-75.073,"H","GBIF","PER"
"569","Bactris gasipaes",-0.9,-77.816,"H","GBIF","ECU"
"570","Bactris gasipaes",-0.662,-76.666,"H","GBIF","ECU"
"571","Bactris gasipaes",-0.033,-76.7,"H","GBIF","ECU"
"572","Bactris gasipaes",-1.042,-76.886,"H","GBIF","ECU"
"573","Bactris gasipaes",-1.042,-76.886,"H","GBIF","ECU"
"574","Bactris gasipaes",-1.566,-80.666,"H","GBIF","ECU"
"575","Bactris gasipaes",-3.726135,-79.669708,"H","GBIF","ECU"
"576","Bactris gasipaes",-12.60448,-69.13715,"H","GBIF","PER"
"577","Bactris gasipaes",3.267862,-73.913244,"H","GBIF","COL"
"579","Bactris gasipaes",1.265405,-78.66301,"H","GBIF","ECU"
"580","Bactris gasipaes",0.891311,-78.506696,"H","GBIF","ECU"
"581","Bactris gasipaes",5.320454,-76.450156,"H","GBIF","COL"
"582","Bactris gasipaes",5.320454,-76.450156,"H","GBIF","COL"
"583","Bactris gasipaes",5.320454,-76.450156,"H","GBIF","COL"
"584","Bactris gasipaes",5.320454,-76.450156,"H","GBIF","COL"
"585","Bactris gasipaes",5.320454,-76.450156,"H","GBIF","COL"
"586","Bactris gasipaes",5.328194,-76.451576,"H","GBIF","COL"
"587","Bactris gasipaes",5.328194,-76.451576,"H","GBIF","COL"
"588","Bactris gasipaes",-0.990343,-77.83755,"H","GBIF","ECU"
"589","Bactris gasipaes",-4.3283,-78.67,"H","GBIF","ECU"
"590","Bactris gasipaes",-4.3283,-78.67,"H","GBIF","ECU"
"591","Bactris gasipaes",-4.3158,-78.6656,"H","GBIF","ECU"
"592","Bactris gasipaes",-4.3158,-78.6656,"H","GBIF","ECU"
"593","Bactris gasipaes",-3.4528,-78.5514,"H","GBIF","ECU"
"594","Bactris gasipaes",-3.0387,-78.0964,"H","GBIF","ECU"
"595","Bactris gasipaes",-3.0387,-78.0964,"H","GBIF","ECU"
"596","Bactris gasipaes",-3.4525,-78.5811,"H","GBIF","ECU"
"597","Bactris gasipaes",-3.701419,-79.819431,"H","GBIF","ECU"
"598","Bactris gasipaes",-3.75,-78.6,"H","GBIF","ECU"
"599","Bactris gasipaes",-3.933333,-79.7333,"H","GBIF","ECU"
"600","Bactris gasipaes",-3.3375,-79.598611,"H","GBIF","ECU"
"602","Bactris gasipaes",-4.058531,-78.947793,"H","GBIF","ECU"
"603","Bactris gasipaes",-10.18333,-75.56666,"H","GBIF","PER"
"604","Bactris gasipaes",-6.526333,-77.518611,"H","GBIF","PER"
"605","Bactris gasipaes",0.13333,-77.45,"H","GBIF","ECU"
"606","Bactris gasipaes",-10.37666,-75.07166,"H","GBIF","PER"
"608","Bactris gasipaes",-0.533333,-76.383333,"H","GBIF","ECU"
"609","Bactris gasipaes",-10.37666,-75.07166,"H","GBIF","PER"
"610","Bactris gasipaes",-10.37666,-75.07166,"H","GBIF","PER"
"611","Bactris gasipaes",6.723436,-71.749697,"H","GBIF","COL"
"612","Bactris gasipaes",-1.690847,-80.805499,"H","GBIF","ECU"
"613","Bactris gasipaes",-3.337339,-79.718747,"H","GBIF","ECU"
"614","Bactris gasipaes",-0.915035,-77.797117,"H","GBIF","ECU"
"615","Bactris gasipaes",-10.18333,-75.56666,"H","GBIF","PER"
"616","Bactris gasipaes",-0.6625,-76.66666,"H","GBIF","ECU"
"617","Bactris gasipaes",0.08333,-77.43333,"H","GBIF","ECU"
"618","Bactris gasipaes",-10.37666,-75.07166,"H","GBIF","PER"
"619","Bactris gasipaes",-1.0425,-76.88638,"H","GBIF","ECU"
"620","Bactris gasipaes",-1.0425,-76.886389,"H","GBIF","ECU"
"621","Bactris gasipaes",4.930776,-76.367974,"H","GBIF","COL"
"622","Bactris gasipaes",-2.15,-79.98333,"H","GBIF","ECU"
"623","Bactris gasipaes",0.76666,-78.9,"H","GBIF","ECU"
"624","Bactris gasipaes",-12.904155,-71.401125,"H","GBIF","PER"
"625","Bactris gasipaes",0.500488,-76.322013,"H","GBIF","COL"
"626","Bactris gasipaes",0.500488,-76.322013,"H","GBIF","COL"
"627","Bactris gasipaes",0.500488,-76.322013,"H","GBIF","COL"
"628","Bactris gasipaes",0.489333,-76.320977,"H","GBIF","COL"
"629","Bactris gasipaes",0.489089,-76.321143,"H","GBIF","COL"
"630","Bactris gasipaes",0.466225,-76.323211,"H","GBIF","COL"
"631","Bactris gasipaes",0.466241,-76.323446,"H","GBIF","COL"
"632","Bactris gasipaes",0.466742,-76.323339,"H","GBIF","COL"
"633","Bactris gasipaes",0.475124,-76.323496,"H","GBIF","COL"
"634","Bactris gasipaes",0.475124,-76.323496,"H","GBIF","COL"
"635","Bactris gasipaes",0.474055,-76.328524,"H","GBIF","COL"
"636","Bactris gasipaes",0.474055,-76.328524,"H","GBIF","COL"
"637","Bactris gasipaes",0.48731,-76.321548,"H","GBIF","COL"
"638","Bactris gasipaes",1.06464,-76.31986,"H","GBIF","COL"
"639","Bactris gasipaes",5.958741,-75.107326,"H","GBIF","COL"
"640","Bactris gasipaes",5.951503,-75.107597,"H","GBIF","COL"
"641","Bactris gasipaes",5.95159,-75.107583,"H","GBIF","COL"
"642","Bactris gasipaes",5.96065,-75.10726,"H","GBIF","COL"
"643","Bactris gasipaes",6.012078,-75.096193,"H","GBIF","COL"
"644","Bactris gasipaes",5.966189,-75.106297,"H","GBIF","COL"
"645","Bactris gasipaes",5.958972,-75.107298,"H","GBIF","COL"
"646","Bactris gasipaes",5.966677,-75.105989,"H","GBIF","COL"
"647","Bactris gasipaes",5.96669,-75.106022,"H","GBIF","COL"
"648","Bactris gasipaes",6.034976,-75.110531,"H","GBIF","COL"
"649","Bactris gasipaes",6.035298,-75.110681,"H","GBIF","COL"
"650","Bactris gasipaes",5.966663,-75.105992,"H","GBIF","COL"
"651","Bactris gasipaes",5.966342,-75.106185,"H","GBIF","COL"
"652","Bactris gasipaes",6.016954,-75.098588,"H","GBIF","COL"
"653","Bactris gasipaes",5.956465,-75.107553,"H","GBIF","COL"
"654","Bactris gasipaes",6.024698,-75.1064,"H","GBIF","COL"
"655","Bactris gasipaes",5.995263,-75.098239,"H","GBIF","COL"
"656","Bactris gasipaes",6.013912,-75.096963,"H","GBIF","COL"
"657","Bactris gasipaes",6.01393,-75.097009,"H","GBIF","COL"
"658","Bactris gasipaes",6.015543,-75.097886,"H","GBIF","COL"
"659","Bactris gasipaes",5.942865,-75.107934,"H","GBIF","COL"
"660","Bactris gasipaes",5.949342,-75.107308,"H","GBIF","COL"
"661","Bactris gasipaes",5.940726,-75.111998,"H","GBIF","COL"
"662","Bactris gasipaes",6.03763,-75.113433,"H","GBIF","COL"
"663","Bactris gasipaes",5.951807,-75.107561,"H","GBIF","COL"
"664","Bactris gasipaes",5.951708,-75.107622,"H","GBIF","COL"
"665","Bactris gasipaes",5.951568,-75.107613,"H","GBIF","COL"
"666","Bactris gasipaes",5.951896,-75.107544,"H","GBIF","COL"
"667","Bactris gasipaes",5.95405,-75.107575,"H","GBIF","COL"
"668","Bactris gasipaes",5.949835,-75.107359,"H","GBIF","COL"
"669","Bactris gasipaes",6.018889,-75.099687,"H","GBIF","COL"
"670","Bactris gasipaes",-0.75387,-77.468325,"H","GBIF","ECU"
"671","Bactris gasipaes",7.339053,-73.868545,"H","GBIF","COL"
"672","Bactris gasipaes",7.386581,-73.865882,"H","GBIF","COL"
"673","Bactris gasipaes",7.385693,-73.866361,"H","GBIF","COL"
"674","Bactris gasipaes",7.385693,-73.866361,"H","GBIF","COL"
"675","Bactris gasipaes",5.886739,-74.853078,"H","GBIF","COL"
"676","Bactris gasipaes",4.5171,-75.9029,"H","GBIF","COL"
"677","Bactris gasipaes",4.3474,-75.8041,"H","GBIF","COL"
"678","Bactris gasipaes",5.952778,-76.764833,"H","GBIF","COL"
"679","Bactris gasipaes",10.234453,-75.501422,"H","GBIF","COL"
"680","Bactris gasipaes",0.067392,-78.945963,"H","GBIF","ECU"
"681","Bactris gasipaes",-0.858222,-91.017361,"H","GBIF","ECU"
"682","Bactris gasipaes",6.920987,-73.585747,"H","GBIF","COL"
"683","Bactris gasipaes",6.997576,-73.538853,"H","GBIF","COL"
"684","Bactris gasipaes",6.997576,-73.538853,"H","GBIF","COL"
"685","Bactris gasipaes",6.997576,-73.538853,"H","GBIF","COL"
"686","Bactris gasipaes",6.947213,-73.67714,"H","GBIF","COL"
"687","Bactris gasipaes",6.947213,-73.67714,"H","GBIF","COL"
"688","Bactris gasipaes",6.900863,-73.589975,"H","GBIF","COL"
"689","Bactris gasipaes",7.024546,-73.651824,"H","GBIF","COL"
"690","Bactris gasipaes",6.920987,-73.585747,"H","GBIF","COL"
"691","Bactris gasipaes",6.920987,-73.585747,"H","GBIF","COL"
"692","Bactris gasipaes",0.384139,-78.752728,"H","GBIF","ECU"
"693","Bactris gasipaes",4.878944,-73.240583,"H","GBIF","COL"
"694","Bactris gasipaes",4.878944,-73.240583,"H","GBIF","COL"
"695","Bactris gasipaes",4.878944,-73.240583,"H","GBIF","COL"
"696","Bactris gasipaes",4.878944,-73.240583,"H","GBIF","COL"
"697","Bactris gasipaes",4.878944,-73.240583,"H","GBIF","COL"
"698","Bactris gasipaes",4.878944,-73.240583,"H","GBIF","COL"
"699","Bactris gasipaes",4.878944,-73.240583,"H","GBIF","COL"
"700","Bactris gasipaes",4.878944,-73.240583,"H","GBIF","COL"
"701","Bactris gasipaes",4.878944,-73.240583,"H","GBIF","COL"
"702","Bactris gasipaes",4.878944,-73.240583,"H","GBIF","COL"
"703","Bactris gasipaes",4.878944,-73.240583,"H","GBIF","COL"
"704","Bactris gasipaes",4.878944,-73.240583,"H","GBIF","COL"
"705","Bactris gasipaes",4.878944,-73.240583,"H","GBIF","COL"
"706","Bactris gasipaes",4.878944,-73.240583,"H","GBIF","COL"
"707","Bactris gasipaes",4.878944,-73.240583,"H","GBIF","COL"
"708","Bactris gasipaes",4.878944,-73.240583,"H","GBIF","COL"
"710","Bactris gasipaes",0.124909,-78.630222,"H","GBIF","ECU"
"711","Bactris gasipaes",-3.749512,-78.631278,"H","GBIF","ECU"
"713","Bactris gasipaes",5.659998,-74.181664,"H","GBIF","COL"
"714","Bactris gasipaes",6.224564,-77.403439,"H","GBIF","COL"
"715","Bactris gasipaes",-3.91667,-73.75,"H","GBIF","PER"
"717","Bactris gasipaes",-0.40471,-79.905706,"H","GBIF","ECU"
"718","Bactris gasipaes",7.342833,-73.707375,"H","GBIF","COL"
"719","Bactris gasipaes",7.342833,-73.707375,"H","GBIF","COL"
"720","Bactris gasipaes",7.342833,-73.707375,"H","GBIF","COL"
"721","Bactris gasipaes",-0.963805,-77.8591,"H","GBIF","ECU"
"722","Bactris gasipaes",4.224736,-73.492206,"H","GBIF","COL"
"726","Bactris gasipaes",1.473611,-75.549528,"H","GBIF","COL"
"727","Bactris gasipaes",1.473611,-75.549528,"H","GBIF","COL"
"728","Bactris gasipaes",1.473611,-75.549444,"H","GBIF","COL"
"729","Bactris gasipaes",5.995618,-75.054949,"H","GBIF","COL"
"730","Bactris gasipaes",5.995618,-75.054949,"H","GBIF","COL"
"731","Bactris gasipaes",5.989918,-75.009184,"H","GBIF","COL"
"732","Bactris gasipaes",5.980528,-74.980194,"H","GBIF","COL"
"733","Bactris gasipaes",5.980589,-74.979741,"H","GBIF","COL"
"734","Bactris gasipaes",5.980572,-74.980258,"H","GBIF","COL"
"735","Bactris gasipaes",6.009603,-75.09395,"H","GBIF","COL"
"736","Bactris gasipaes",6.009449,-75.081023,"H","GBIF","COL"
"737","Bactris gasipaes",5.981069,-74.918194,"H","GBIF","COL"
"738","Bactris gasipaes",5.990028,-75.024672,"H","GBIF","COL"
"739","Bactris gasipaes",5.990019,-75.024682,"H","GBIF","COL"
"740","Bactris gasipaes",5.975929,-74.901297,"H","GBIF","COL"
"741","Bactris gasipaes",5.981993,-74.990833,"H","GBIF","COL"
"742","Bactris gasipaes",5.981993,-74.990833,"H","GBIF","COL"
"743","Bactris gasipaes",5.989757,-75.009007,"H","GBIF","COL"
"744","Bactris gasipaes",5.98214,-74.991751,"H","GBIF","COL"
"745","Bactris gasipaes",5.982095,-74.99161,"H","GBIF","COL"
"746","Bactris gasipaes",5.981003,-74.986888,"H","GBIF","COL"
"747","Bactris gasipaes",5.980985,-74.986826,"H","GBIF","COL"
"748","Bactris gasipaes",5.980556,-74.980339,"H","GBIF","COL"
"749","Bactris gasipaes",5.980605,-74.980854,"H","GBIF","COL"
"750","Bactris gasipaes",5.910209,-74.850014,"H","GBIF","COL"
"751","Bactris gasipaes",5.980522,-74.980359,"H","GBIF","COL"
"752","Bactris gasipaes",6.006683,-75.071719,"H","GBIF","COL"
"753","Bactris gasipaes",5.980522,-74.980359,"H","GBIF","COL"
"754","Bactris gasipaes",5.969005,-74.873297,"H","GBIF","COL"
"755","Bactris gasipaes",5.935142,-74.852875,"H","GBIF","COL"
"756","Bactris gasipaes",5.935104,-74.852808,"H","GBIF","COL"
"757","Bactris gasipaes",5.986588,-75.000681,"H","GBIF","COL"
"758","Bactris gasipaes",5.986775,-75.001245,"H","GBIF","COL"
"759","Bactris gasipaes",5.987434,-75.00386,"H","GBIF","COL"
"760","Bactris gasipaes",5.98065,-74.979353,"H","GBIF","COL"
"761","Bactris gasipaes",5.980632,-74.979309,"H","GBIF","COL"
"762","Bactris gasipaes",5.995693,-75.054949,"H","GBIF","COL"
"763","Bactris gasipaes",5.995693,-75.054949,"H","GBIF","COL"
"764","Bactris gasipaes",5.49961,-76.54796,"H","GBIF","COL"
"765","Bactris gasipaes",5.49961,-76.54796,"H","GBIF","COL"
"766","Bactris gasipaes",-0.701501,-77.723398,"H","GBIF","ECU"
"767","Bactris gasipaes",-0.726992,-77.684705,"H","GBIF","ECU"
"768","Bactris gasipaes",-0.721523,-77.707962,"H","GBIF","ECU"
"769","Bactris gasipaes",-0.701666,-77.035958,"H","GBIF","ECU"
"770","Bactris gasipaes",4.633298,-73.269247,"H","GBIF","COL"
"771","Bactris gasipaes",4.633298,-73.269247,"H","GBIF","COL"
"772","Bactris gasipaes",4.633298,-73.269247,"H","GBIF","COL"
"773","Bactris gasipaes",4.768588,-73.243105,"H","GBIF","COL"
"774","Bactris gasipaes",4.553813,-73.361726,"H","GBIF","COL"
"775","Bactris gasipaes",4.761979,-73.249206,"H","GBIF","COL"
"776","Bactris gasipaes",4.758373,-73.263146,"H","GBIF","COL"
"777","Bactris gasipaes",4.758373,-73.263146,"H","GBIF","COL"
"778","Bactris gasipaes",4.758373,-73.263146,"H","GBIF","COL"
"779","Bactris gasipaes",4.685938,-73.288566,"H","GBIF","COL"
"780","Bactris gasipaes",4.685938,-73.288566,"H","GBIF","COL"
"781","Bactris gasipaes",4.684688,-73.252732,"H","GBIF","COL"
"782","Bactris gasipaes",4.684688,-73.252732,"H","GBIF","COL"
"783","Bactris gasipaes",4.675843,-73.302991,"H","GBIF","COL"
"784","Bactris gasipaes",4.773044,-73.258415,"H","GBIF","COL"
"785","Bactris gasipaes",4.729592,-73.285611,"H","GBIF","COL"
"786","Bactris gasipaes",4.729592,-73.285611,"H","GBIF","COL"
"787","Bactris gasipaes",4.637413,-73.286869,"H","GBIF","COL"
"788","Bactris gasipaes",4.735327,-73.275042,"H","GBIF","COL"
"789","Bactris gasipaes",4.727383,-73.280967,"H","GBIF","COL"
"790","Bactris gasipaes",4.678925,-73.267745,"H","GBIF","COL"
"791","Bactris gasipaes",4.604364,-73.29907,"H","GBIF","COL"
"792","Bactris gasipaes",4.604364,-73.29907,"H","GBIF","COL"
"793","Bactris gasipaes",4.773044,-73.258415,"H","GBIF","COL"
"794","Bactris gasipaes",4.722177,-73.293513,"H","GBIF","COL"
"795","Bactris gasipaes",4.722177,-73.293513,"H","GBIF","COL"
"796","Bactris gasipaes",4.722177,-73.293513,"H","GBIF","COL"
"797","Bactris gasipaes",4.722177,-73.293513,"H","GBIF","COL"
"798","Bactris gasipaes",4.707822,-73.306334,"H","GBIF","COL"
"799","Bactris gasipaes",4.761979,-73.249206,"H","GBIF","COL"
"800","Bactris gasipaes",4.772601,-73.24023,"H","GBIF","COL"
"801","Bactris gasipaes",4.772601,-73.24023,"H","GBIF","COL"
"802","Bactris gasipaes",-0.699731,-77.724213,"H","GBIF","ECU"
"803","Bactris gasipaes",4.335944,-76.081861,"H","GBIF","COL"
"804","Bactris gasipaes",4.335944,-76.081861,"H","GBIF","COL"
"805","Bactris gasipaes",4.335944,-76.081861,"H","GBIF","COL"
"806","Bactris gasipaes",4.335944,-76.081861,"H","GBIF","COL"
"807","Bactris gasipaes",4.335944,-76.081861,"H","GBIF","COL"
"808","Bactris gasipaes",4.335944,-76.081861,"H","GBIF","COL"
"809","Bactris gasipaes",4.335944,-76.081861,"H","GBIF","COL"
"810","Bactris gasipaes",4.335944,-76.081861,"H","GBIF","COL"
"811","Bactris gasipaes",4.335944,-76.081861,"H","GBIF","COL"
"812","Bactris gasipaes",4.335944,-76.081861,"H","GBIF","COL"
"813","Bactris gasipaes",4.335944,-76.081861,"H","GBIF","COL"
"814","Bactris gasipaes",4.335944,-76.081861,"H","GBIF","COL"
"815","Bactris gasipaes",4.335944,-76.081861,"H","GBIF","COL"
"816","Bactris gasipaes",4.335944,-76.081861,"H","GBIF","COL"
"817","Bactris gasipaes",4.335944,-76.081861,"H","GBIF","COL"
"818","Bactris gasipaes",6.092792,-77.410997,"H","GBIF","COL"
"820","Bactris gasipaes",-0.082604,-79.459138,"H","GBIF","ECU"
"821","Bactris gasipaes",4.518532,-76.292277,"H","GBIF","COL"
"822","Bactris gasipaes",-0.279661,-79.07334,"H","GBIF","ECU"
"823","Bactris gasipaes",-0.265522,-78.786397,"H","GBIF","ECU"
"825","Bactris gasipaes",-0.01625,-74.789944,"H","GBIF","COL"
"826","Bactris gasipaes",6.173731,-73.432361,"H","GBIF","COL"
"827","Bactris gasipaes",6.173731,-73.432361,"H","GBIF","COL"
"828","Bactris gasipaes",6.173731,-73.432361,"H","GBIF","COL"
"829","Bactris gasipaes",6.173731,-73.432361,"H","GBIF","COL"
"830","Bactris gasipaes",6.173731,-73.432361,"H","GBIF","COL"
"831","Bactris gasipaes",6.79227,-73.47971,"H","GBIF","COL"
"832","Bactris gasipaes",6.79227,-73.47971,"H","GBIF","COL"
"833","Bactris gasipaes",6.79227,-73.47971,"H","GBIF","COL"
"834","Bactris gasipaes",-0.333983,-78.891575,"H","GBIF","ECU"
"835","Bactris gasipaes",-3.611836,-78.606452,"H","GBIF","ECU"
"836","Bactris gasipaes",-3.624283,-78.411804,"H","GBIF","ECU"
"837","Bactris gasipaes",8.31218,-75.657618,"H","GBIF","COL"
"838","Bactris gasipaes",-0.720639,-77.749607,"H","GBIF","ECU"
"839","Bactris gasipaes",7.128257,-75.331157,"H","GBIF","COL"
"840","Bactris gasipaes",7.043899,-75.362743,"H","GBIF","COL"
"841","Bactris gasipaes",-1.526463,-77.971713,"H","GBIF","ECU"
"842","Bactris gasipaes",-10.247,-75.144,"H","GBIF","PER"
"843","Bactris gasipaes",-4.023478,-78.882856,"H","GBIF","ECU"
"844","Bactris gasipaes",-4.139015,-78.939663,"H","GBIF","ECU"
"845","Bactris gasipaes",2.795136,-73.116797,"H","GBIF","COL"
"846","Bactris gasipaes",-5.650739,-73.99205,"H","GBIF","PER"
"847","Bactris gasipaes",0.131287,-78.676438,"H","GBIF","ECU"
"849","Bactris gasipaes",0.053984,-79.038972,"H","GBIF","ECU"
"850","Bactris gasipaes",0.131287,-78.676438,"H","GBIF","ECU"
"851","Bactris gasipaes",-4.182394,-69.942481,"H","GBIF","COL"
"852","Bactris gasipaes",-0.212307,-79.115189,"H","GBIF","ECU"
"853","Bactris gasipaes",-0.088931,-76.142299,"H","GBIF","ECU"
"854","Bactris gasipaes",-0.0807,-76.876875,"H","GBIF","ECU"
"855","Bactris gasipaes",0.027458,-77.364687,"H","GBIF","ECU"
"856","Bactris gasipaes",-4.266,-78.616,"H","GBIF","ECU"
"857","Bactris gasipaes",-3.683,-79.633,"H","GBIF","ECU"
"858","Bactris gasipaes",0.766,-78.9,"H","GBIF","ECU"
"859","Bactris gasipaes",-0.666,-80.066,"H","GBIF","ECU"
"860","Bactris gasipaes",0.966,-78.333,"H","GBIF","ECU"
"861","Bactris gasipaes",-4.5,-78.5,"H","GBIF","PER"
"862","Bactris gasipaes",-4.332,-78.68,"H","GBIF","ECU"
"863","Bactris gasipaes",-3.224495,-72.928921,"H","GBIF","PER"
"864","Bactris gasipaes",-1.043822,-77.714209,"H","GBIF","ECU"
"865","Bactris gasipaes",-1.043822,-77.714209,"H","GBIF","ECU"
"866","Bactris gasipaes",6.699083,-76.5605,"H","GBIF","COL"
"867","Bactris gasipaes",-0.994213,-77.815912,"H","GBIF","ECU"
"868","Bactris gasipaes",-0.995921,-77.813523,"H","GBIF","ECU"
"869","Bactris gasipaes",-0.986308,-77.80994,"H","GBIF","ECU"
"870","Bactris gasipaes",-0.988787,-77.824149,"H","GBIF","ECU"
"871","Bactris gasipaes",-0.995549,-77.816879,"H","GBIF","ECU"
"873","Bactris gasipaes",-0.986798,-77.82365,"H","GBIF","ECU"
"874","Bactris gasipaes",-0.991491,-77.815835,"H","GBIF","ECU"
"875","Bactris gasipaes",-0.995695,-77.817042,"H","GBIF","ECU"
"876","Bactris gasipaes",-0.995576,-77.816895,"H","GBIF","ECU"
"877","Bactris gasipaes",-1.18818,-77.975479,"H","GBIF","ECU"
"878","Bactris gasipaes",-0.979705,-77.812867,"H","GBIF","ECU"
"879","Bactris gasipaes",-0.994392,-77.816545,"H","GBIF","ECU"
"882","Bactris gasipaes",4.565,-75.815278,"H","GBIF","COL"
"883","Bactris gasipaes",11.036944,-73.7875,"H","GBIF","COL"
"885","Bactris gasipaes",6.3175,-74.99,"H","GBIF","COL"
"886","Bactris gasipaes",2.666667,-74.166667,"H","GBIF","COL"
"887","Bactris gasipaes",11.187222,-73.408611,"H","GBIF","COL"
"888","Bactris gasipaes",11.187222,-73.408611,"H","GBIF","COL"
"889","Bactris gasipaes",11.187222,-73.408611,"H","GBIF","COL"
"890","Bactris gasipaes",11.187222,-73.408611,"H","GBIF","COL"
"891","Bactris gasipaes",11.187222,-73.408611,"H","GBIF","COL"
"892","Bactris gasipaes",11.187222,-73.408611,"H","GBIF","COL"
"893","Bactris gasipaes",-4.131389,-69.945556,"H","GBIF","COL"
"894","Bactris gasipaes",2.510278,-72.785556,"H","GBIF","COL"
"895","Bactris gasipaes",-4.165,-69.937778,"H","GBIF","COL"
"896","Bactris gasipaes",4.093611,-76.044722,"H","GBIF","COL"
"897","Bactris gasipaes",-12.510287,-68.979845,"H","GBIF","PER"
"898","Bactris gasipaes",-13.231602,-70.754616,"H","GBIF","PER"
"899","Bactris gasipaes",2.430698,-76.482989,"H","GBIF","COL"
"900","Bactris gasipaes",-1.506901,-79.269276,"H","GBIF","ECU"
"901","Bactris gasipaes",-1.445699,-79.273373,"H","GBIF","ECU"
"902","Bactris gasipaes",-1.514285,-79.479471,"H","GBIF","ECU"
"903","Bactris gasipaes",-1.352551,-79.87872,"H","GBIF","ECU"
"904","Bactris gasipaes",5.32952,-74.6006,"H","GBIF","COL"
"905","Bactris gasipaes",5.32952,-74.6006,"H","GBIF","COL"
"906","Bactris gasipaes",5.43566,-74.43552,"H","GBIF","COL"
"907","Bactris gasipaes",5.75582,-76.193791,"H","GBIF","COL"
"908","Bactris gasipaes",4.115222,-76.083333,"H","GBIF","COL"
"909","Bactris gasipaes",4.764944,-76.018944,"H","GBIF","COL"
"910","Bactris gasipaes",4.401944,-75.926667,"H","GBIF","COL"
"911","Bactris gasipaes",-1.076417,-69.517708,"H","GBIF","COL"
"912","Bactris gasipaes",3.8811,-72.8667,"H","GBIF","COL"
"913","Bactris gasipaes",5.05417,-72.79547,"H","GBIF","COL"
"914","Bactris gasipaes",-6.5264,-77.5186,"H","GBIF","PER"
"915","Bactris gasipaes",-9.62,-74.93,"H","GBIF","PER"
"916","Bactris gasipaes",-0.23,-79.13,"H","GBIF","ECU"
"917","Bactris gasipaes",9.83,-72.83,"H","GBIF","VEN"
"918","Bactris gasipaes",9.83,-72.83,"H","GBIF","VEN"
"919","Bactris gasipaes",-0.33,-79.75,"H","GBIF","ECU"
"920","Bactris gasipaes",-5.2917,-73.1639,"H","GBIF","PER"
"921","Bactris gasipaes",11.17,-73.5,"H","GBIF","COL"
"922","Bactris gasipaes",-12.83,-69.28,"H","GBIF","PER"
"923","Bactris gasipaes",-4.5,-78.5,"H","GBIF","PER"
"924","Bactris gasipaes",9.5917,-72.8986,"H","GBIF","VEN"
"925","Bactris gasipaes",-4.5,-78.5,"H","GBIF","PER"
"926","Bactris gasipaes",11.25,-73.5,"H","GBIF","COL"
"927","Bactris gasipaes",-0.338972,-76.831835,"H","GBIF","ECU"
"928","Bactris gasipaes",1.92,-67,"H","GBIF","VEN"
"929","Bactris gasipaes",1.25,-78.67,"H","GBIF","ECU"
"930","Bactris gasipaes",-5.2917,-73.1639,"H","GBIF","PER"
"931","Bactris gasipaes",8.22,-70.73,"H","GBIF","VEN"
"932","Bactris gasipaes",-0.950933,-77.808332,"H","GBIF","ECU"
"933","Bactris gasipaes",-11.83,-71.42,"H","GBIF","PER"
"934","Bactris gasipaes",0.77,-78.9,"H","GBIF","ECU"
"935","Bactris gasipaes",8.7,-70.3,"H","GBIF","VEN"
"936","Bactris gasipaes",-10.3767,-75.0717,"H","GBIF","PER"
"937","Bactris gasipaes",-6.5264,-77.5186,"H","GBIF","PER"
"938","Bactris gasipaes",0.46537,-76.247579,"H","GBIF","COL"
"939","Bactris gasipaes",-0.083333,-79.033333,"H","GBIF","ECU"
"940","Bactris gasipaes",-0.083333,-79.033333,"H","GBIF","ECU"
"941","Bactris gasipaes",0.083333,-79.033333,"H","GBIF","ECU"
"942","Bactris gasipaes",0.083333,-79.033333,"H","GBIF","ECU"
"943","Bactris gasipaes",-0.233333,-79.133333,"H","GBIF","ECU"
"944","Bactris gasipaes",4.434444,-75.927778,"H","GBIF","COL"
"945","Bactris gasipaes",-0.334722,-79.840278,"H","GBIF","ECU"
"946","Bactris gasipaes",7.514167,-73.420278,"H","GBIF","COL"
"947","Bactris gasipaes",5.684722,-77.030278,"H","GBIF","COL"
"948","Bactris gasipaes",-1.692778,-72.586944,"H","GBIF","COL"
"949","Bactris gasipaes",7.03,-72.203056,"H","GBIF","COL"
"950","Bactris gasipaes",7.03,-72.203056,"H","GBIF","COL"
"951","Bactris gasipaes",7.03,-72.203056,"H","GBIF","COL"
"952","Bactris gasipaes",7.03,-72.203056,"H","GBIF","COL"
"953","Bactris gasipaes",7.03,-72.203056,"H","GBIF","COL"
"954","Bactris gasipaes",7.03,-72.203056,"H","GBIF","COL"
"955","Bactris gasipaes",7.03,-72.203056,"H","GBIF","COL"
"956","Bactris gasipaes",7.03,-72.203056,"H","GBIF","COL"
"957","Bactris gasipaes",7.03,-72.203056,"H","GBIF","COL"
"958","Bactris gasipaes",0.144444,-75.841389,"H","GBIF","COL"
"959","Bactris gasipaes",7.03,-72.203056,"H","GBIF","COL"
"960","Bactris gasipaes",7.03,-72.203056,"H","GBIF","COL"
"961","Bactris gasipaes",0.144444,-75.841389,"H","GBIF","COL"
"962","Bactris gasipaes",7.03,-72.203056,"H","GBIF","COL"
"963","Bactris gasipaes",0.144444,-75.841389,"H","GBIF","COL"
"964","Bactris gasipaes",0.144444,-75.841389,"H","GBIF","COL"
"965","Bactris gasipaes",0.144444,-75.841389,"H","GBIF","COL"
"966","Bactris gasipaes",6.688056,-75.185278,"H","GBIF","COL"
"967","Bactris gasipaes",6.720278,-75.111944,"H","GBIF","COL"
"969","Bactris gasipaes",1.246667,-70.237222,"H","GBIF","COL"
"970","Bactris gasipaes",1.246667,-70.237222,"H","GBIF","COL"
"972","Bactris gasipaes",0.144444,-75.841389,"H","GBIF","COL"
"974","Bactris gasipaes",6.688056,-75.185278,"H","GBIF","COL"
"977","Bactris gasipaes",1.246667,-70.237222,"H","GBIF","COL"
"978","Bactris gasipaes",6.688056,-75.185278,"H","GBIF","COL"
"980","Bactris gasipaes",5.098611,-76.695833,"H","GBIF","COL"
"981","Bactris gasipaes",5.981667,-75.715556,"H","GBIF","COL"
"982","Bactris gasipaes",5.307778,-76.47,"H","GBIF","COL"
"983","Bactris gasipaes",5.307778,-76.47,"H","GBIF","COL"
"984","Bactris gasipaes",5.307778,-76.47,"H","GBIF","COL"
"985","Bactris gasipaes",5.307778,-76.47,"H","GBIF","COL"
"986","Bactris gasipaes",5.307778,-76.47,"H","GBIF","COL"
"987","Bactris gasipaes",5.307778,-76.47,"H","GBIF","COL"
"988","Bactris gasipaes",7.336111,-76.488611,"H","GBIF","COL"
"989","Bactris gasipaes",7.336111,-76.488611,"H","GBIF","COL"
"990","Bactris gasipaes",7.336111,-76.488611,"H","GBIF","COL"
"991","Bactris gasipaes",7.336111,-76.488611,"H","GBIF","COL"
"992","Bactris gasipaes",7.336111,-76.488611,"H","GBIF","COL"
"993","Bactris gasipaes",7.336111,-76.488611,"H","GBIF","COL"
"994","Bactris gasipaes",7.336111,-76.488611,"H","GBIF","COL"
"995","Bactris gasipaes",5.981667,-75.715556,"H","GBIF","COL"
"996","Bactris gasipaes",5.743056,-76.2875,"H","GBIF","COL"
"997","Bactris gasipaes",5.743056,-76.2875,"H","GBIF","COL"
"998","Bactris gasipaes",5.981667,-75.715556,"H","GBIF","COL"
"999","Bactris gasipaes",5.743056,-76.2875,"H","GBIF","COL"
"1000","Bactris gasipaes",5.743056,-76.2875,"H","GBIF","COL"
"1001","Bactris gasipaes",5.981667,-75.715556,"H","GBIF","COL"
"1002","Bactris gasipaes",5.981667,-75.715556,"H","GBIF","COL"
"1003","Bactris gasipaes",11.166667,-73.5,"H","GBIF","COL"
"1004","Bactris gasipaes",11.166667,-73.5,"H","GBIF","COL"
"1005","Bactris gasipaes",-0.644444,-72.305,"H","GBIF","COL"
"1006","Bactris gasipaes",9.562778,-75.439722,"H","GBIF","COL"
"1007","Bactris gasipaes",9.562778,-75.439722,"H","GBIF","COL"
"1008","Bactris gasipaes",9.562778,-75.439722,"H","GBIF","COL"
"1009","Bactris gasipaes",9.562778,-75.439722,"H","GBIF","COL"
"1010","Bactris gasipaes",9.562778,-75.439722,"H","GBIF","COL"
"1011","Bactris gasipaes",1.287222,-78.0825,"H","GBIF","COL"
"1012","Bactris gasipaes",1.287222,-78.0825,"H","GBIF","COL"
"1013","Bactris gasipaes",8.604167,-72.928611,"H","GBIF","COL"
"1014","Bactris gasipaes",8.604167,-72.928611,"H","GBIF","COL"
"1015","Bactris gasipaes",3.091389,-77.541389,"H","GBIF","COL"
"1016","Bactris gasipaes",3.091389,-77.541389,"H","GBIF","COL"
"1017","Bactris gasipaes",3.092778,-77.537222,"H","GBIF","COL"
"1018","Bactris gasipaes",3.091389,-77.541389,"H","GBIF","COL"
"1019","Bactris gasipaes",3.091389,-77.541389,"H","GBIF","COL"
"1020","Bactris gasipaes",3.091389,-77.541389,"H","GBIF","COL"
"1021","Bactris gasipaes",1.246667,-70.237222,"H","GBIF","COL"
"1022","Bactris gasipaes",4.0725,-77.086111,"H","GBIF","COL"
"1023","Bactris gasipaes",4.0725,-77.086111,"H","GBIF","COL"
"1024","Bactris gasipaes",1.246667,-70.237222,"H","GBIF","COL"
"1025","Bactris gasipaes",4.0725,-77.086111,"H","GBIF","COL"
"1026","Bactris gasipaes",4.0725,-77.086111,"H","GBIF","COL"
"1027","Bactris gasipaes",1.246667,-70.237222,"H","GBIF","COL"
"1028","Bactris gasipaes",4.0725,-77.086111,"H","GBIF","COL"
"1029","Bactris gasipaes",4.0725,-77.086111,"H","GBIF","COL"
"1030","Bactris gasipaes",4.0725,-77.086111,"H","GBIF","COL"
"1031","Bactris gasipaes",4.0725,-77.086111,"H","GBIF","COL"
"1032","Bactris gasipaes",4.929722,-76.360833,"H","GBIF","COL"
"1033","Bactris gasipaes",4.929722,-76.360833,"H","GBIF","COL"
"1034","Bactris gasipaes",4.957222,-77.351667,"H","GBIF","COL"
"1035","Bactris gasipaes",4.957222,-77.351667,"H","GBIF","COL"
"1036","Bactris gasipaes",4.093611,-76.044722,"H","GBIF","COL"
"1037","Bactris gasipaes",4.164167,-76.343611,"H","GBIF","COL"
"1038","Bactris gasipaes",5.249546,-75.580418,"H","GBIF","COL"
"1039","Bactris gasipaes",5.249546,-75.580418,"H","GBIF","COL"
"1040","Bactris gasipaes",5.249546,-75.580418,"H","GBIF","COL"
"1041","Bactris gasipaes",10.59345,-74.24384,"H","GBIF","COL"
"1042","Bactris gasipaes",-2.317222,-80.015833,"H","GBIF","ECU"
"1043","Bactris gasipaes",9.8725,-74.980917,"H","GBIF","COL"
"1044","Bactris gasipaes",9.8725,-74.980917,"H","GBIF","COL"
"1045","Bactris gasipaes",9.8725,-74.980917,"H","GBIF","COL"
"1046","Bactris gasipaes",9.8725,-74.980917,"H","GBIF","COL"
"1047","Bactris gasipaes",11.2165,-73.440639,"H","GBIF","COL"
"1048","Bactris gasipaes",9.8725,-74.980917,"H","GBIF","COL"
"1049","Bactris gasipaes",9.929111,-75.168111,"H","GBIF","COL"
"1050","Bactris gasipaes",11.2165,-73.440639,"H","GBIF","COL"
"1051","Bactris gasipaes",4.58026,-75.8645,"H","GBIF","COL"
"1052","Bactris gasipaes",4.44055,-75.76989,"H","GBIF","COL"
"1054","Bactris gasipaes",4.58862,-75.85576,"H","GBIF","COL"
"1055","Bactris gasipaes",5.054167,-72.795472,"H","GBIF","COL"
"1057","Bactris gasipaes",4.988008,-75.597435,"H","GBIF","COL"
"1058","Bactris gasipaes",3.73325,-76.690583,"H","GBIF","COL"
"1059","Bactris gasipaes",7.234111,-73.247833,"H","GBIF","COL"
"1060","Bactris gasipaes",5.98167,-75.7156,"H","GBIF","COL"
"1061","Bactris gasipaes",7.33611,-76.4886,"H","GBIF","COL"
"1062","Bactris gasipaes",7.33611,-76.4886,"H","GBIF","COL"
"1063","Bactris gasipaes",7.33611,-76.4886,"H","GBIF","COL"
"1064","Bactris gasipaes",7.33611,-76.4886,"H","GBIF","COL"
"1065","Bactris gasipaes",7.33611,-76.4886,"H","GBIF","COL"
"1066","Bactris gasipaes",5.98167,-75.7156,"H","GBIF","COL"
"1067","Bactris gasipaes",5.98167,-75.7156,"H","GBIF","COL"
"1068","Bactris gasipaes",5.98167,-75.7156,"H","GBIF","COL"
"1069","Bactris gasipaes",7.33611,-76.4886,"H","GBIF","COL"
"1070","Bactris gasipaes",5.98167,-75.7156,"H","GBIF","COL"
"1071","Bactris gasipaes",7.33611,-76.4886,"H","GBIF","COL"
"1072","Bactris gasipaes",-4.12139,-69.95,"H","GBIF","COL"
"1073","Bactris gasipaes",-0.644444,-72.305,"H","GBIF","COL"
"1074","Bactris gasipaes",9.883339,-75.199972,"H","GBIF","COL"
"1075","Bactris gasipaes",11.248761,-73.66724,"H","GBIF","COL"
"1076","Bactris gasipaes",4.930776,-76.367974,"H","GBIF","COL"
"1077","Bactris gasipaes",-4.46666,-78.16666,"H","GBIF","PER"
"1078","Bactris gasipaes",-4.46666,-78.16666,"H","GBIF","PER"
"1079","Bactris gasipaes",-4.5,-78.5,"H","GBIF","PER"
"1080","Bactris gasipaes",3.63333,-76.86666,"H","GBIF","COL"
"1081","Bactris gasipaes",4.3,-75.96666,"H","GBIF","COL"
"1082","Bactris gasipaes",-10.37666,-75.07166,"H","GBIF","PER"
"1083","Bactris gasipaes",-1.2,-78.883333,"H","GBIF","ECU"
"1084","Bactris gasipaes",-12.81666,-69.3,"H","GBIF","PER"
"1085","Bactris gasipaes",-11.833333,-71.416667,"H","GBIF","PER"
"1086","Bactris gasipaes",-0.33333,-79.75,"H","GBIF","ECU"
"1087","Bactris gasipaes",0.76666,-78.9,"H","GBIF","ECU"
"1088","Bactris gasipaes",-0.66666,-80.06666,"H","GBIF","ECU"
"1089","Bactris gasipaes",0.96666,-78.33333,"H","GBIF","ECU"
"1090","Bactris gasipaes",0.96666,-78.28333,"H","GBIF","ECU"
"1091","Bactris gasipaes",11.25,-73.5,"H","GBIF","COL"
"1092","Bactris gasipaes",0.08333,-77.43333,"H","GBIF","ECU"
"1093","Bactris gasipaes",5.88333,-74.65,"H","GBIF","COL"
"1094","Bactris gasipaes",-10.08333,-75.58333,"H","GBIF","PER"
"1095","Bactris gasipaes",-0.9,-77.81666,"H","GBIF","ECU"
"1096","Bactris gasipaes",-1.4,-78.2,"H","GBIF","ECU"
"1097","Bactris gasipaes",-0.03333,-76.7,"H","GBIF","ECU"
"1098","Bactris gasipaes",-0.533333,-76.383333,"H","GBIF","ECU"
"1099","Bactris gasipaes",-1.06666,-77.6,"H","GBIF","ECU"
"1100","Bactris gasipaes",-4.26666,-78.61666,"H","GBIF","ECU"
"1101","Bactris gasipaes",-0.23333,-79.13333,"H","GBIF","ECU"
"1102","Bactris gasipaes",-2.63333,-78.21666,"H","GBIF","ECU"
"1103","Bactris gasipaes",-3.68333,-79.63333,"H","GBIF","ECU"
"1104","Bactris gasipaes",-0.3,-76.86666,"H","GBIF","ECU"
"1105","Bactris gasipaes",-0.73333,-79.46666,"H","GBIF","ECU"
"1106","Bactris gasipaes",-4.33222,-78.68055,"H","GBIF","ECU"
"1107","Bactris gasipaes",-1.0425,-76.886389,"H","GBIF","ECU"
"1108","Bactris gasipaes",-0.4,-76.53333,"H","GBIF","ECU"
"1109","Bactris gasipaes",-1.0425,-76.88638,"H","GBIF","ECU"
"1110","Bactris gasipaes",-0.6625,-76.66666,"H","GBIF","ECU"
"1111","Bactris gasipaes",-0.95,-77.91666,"H","GBIF","ECU"
"1112","Bactris gasipaes",-10.18333,-75.56666,"H","GBIF","PER"
"1113","Bactris gasipaes",-0.58333,-79.36666,"H","GBIF","ECU"
"1114","Bactris gasipaes",-1.05,-80.88333,"H","GBIF","ECU"
"1115","Bactris gasipaes",-5.031944,-78.428333,"H","GBIF","PER"
"1116","Bactris gasipaes",-2.15,-79.98333,"H","GBIF","ECU"
"1118","Bactris gasipaes",-6.526333,-77.518611,"H","GBIF","PER"
"1119","Bactris gasipaes",-3.03867,-78.0964,"H","GBIF","ECU"
"1120","Bactris gasipaes",-3.03867,-78.0964,"H","GBIF","ECU"
"1121","Bactris gasipaes",-3.03867,-78.0964,"H","GBIF","ECU"
"1122","Bactris gasipaes",-3.4525,-78.5811,"H","GBIF","ECU"
"1123","Bactris gasipaes",-3.4525,-78.5811,"H","GBIF","ECU"
"1124","Bactris gasipaes",-2.30511,-78.1147,"H","GBIF","ECU"
"1125","Bactris gasipaes",-2.30511,-78.1147,"H","GBIF","ECU"
"1126","Bactris gasipaes",-2.30511,-78.1147,"H","GBIF","ECU"
"1127","Bactris gasipaes",-2.30511,-78.1147,"H","GBIF","ECU"
"1128","Bactris gasipaes",-2.30511,-78.1147,"H","GBIF","ECU"
"1129","Bactris gasipaes",-4.32833,-78.67,"H","GBIF","ECU"
"1130","Bactris gasipaes",-4.32833,-78.67,"H","GBIF","ECU"
"1131","Bactris gasipaes",-4.32833,-78.67,"H","GBIF","ECU"
"1132","Bactris gasipaes",-4.31583,-78.6656,"H","GBIF","ECU"
"1133","Bactris gasipaes",-4.31583,-78.6656,"H","GBIF","ECU"
"1134","Bactris gasipaes",-4.31583,-78.6656,"H","GBIF","ECU"
"1135","Bactris gasipaes",6,-77,"H","GBIF","COL"
"1136","Bactris gasipaes",6,-77,"H","GBIF","COL"
"1137","Bactris gasipaes",6,-77,"H","GBIF","COL"
"1138","Bactris gasipaes",6,-77,"H","GBIF","COL"
"1139","Bactris gasipaes",6,-77,"H","GBIF","COL"
"1140","Bactris gasipaes",6,-77,"H","GBIF","COL"
"1141","Bactris gasipaes",3.1125,-76.599139,"H","GBIF","COL"
"1142","Bactris gasipaes",4.385025,-76.060769,"H","GBIF","COL"
"1143","Bactris gasipaes",-9.163761,-74.375627,"H","GBIF","PER"
"1144","Bactris gasipaes",4.855008,-75.883914,"H","GBIF","COL"
"1145","Bactris gasipaes",4.855008,-75.883914,"H","GBIF","COL"
"1146","Bactris gasipaes",4.855008,-75.883914,"H","GBIF","COL"
"1147","Bactris gasipaes",4.855008,-75.883914,"H","GBIF","COL"
"1148","Bactris gasipaes",-5.98907543853533,-76.2522732784954,"G","Genesys","PER"
"1149","Bactris gasipaes",-5.89592185320154,-76.2270888827454,"G","Genesys","PER"
"1150","Bactris gasipaes",-5.90302481101046,-76.1881298780176,"G","Genesys","PER"
"1151","Bactris gasipaes",-5.90302481101046,-76.1881298780176,"G","Genesys","PER"
"1152","Bactris gasipaes",-5.89592185320154,-76.2270888827454,"G","Genesys","PER"
"1153","Bactris gasipaes",-5.98907543853533,-76.2522732784954,"G","Genesys","PER"
"1154","Bactris gasipaes",-5.99848046248064,-76.2566309270267,"G","Genesys","PER"
"1155","Bactris gasipaes",-5.89592185320154,-76.2270888827454,"G","Genesys","PER"
"1156","Bactris gasipaes",-5.89592185320154,-76.2270888827454,"G","Genesys","PER"
"1157","Bactris gasipaes",-5.98907543853533,-76.2522732784954,"G","Genesys","PER"
"1158","Bactris gasipaes",-5.90302481101046,-76.1881298780176,"G","Genesys","PER"
"1159","Bactris gasipaes",-5.98907543853533,-76.2522732784954,"G","Genesys","PER"
"1160","Bactris gasipaes",-5.89592185320154,-76.2270888827454,"G","Genesys","PER"
"1161","Bactris gasipaes",-5.90302481101046,-76.1881298780176,"G","Genesys","PER"
"1162","Bactris gasipaes",-5.89592185320154,-76.2270888827454,"G","Genesys","PER"
"1163","Bactris gasipaes",-5.89592185320154,-76.2270888827454,"G","Genesys","PER"
"1164","Bactris gasipaes",-5.99848046248064,-76.2566309270267,"G","Genesys","PER"
"1165","Bactris gasipaes",-5.99848046248064,-76.2566309270267,"G","Genesys","PER"
"1166","Bactris gasipaes",-5.98907543853533,-76.2522732784954,"G","Genesys","PER"
"1167","Bactris gasipaes",-5.98907543853533,-76.2522732784954,"G","Genesys","PER"
"1168","Bactris gasipaes",-5.99848046248064,-76.2566309270267,"G","Genesys","PER"
"1169","Bactris gasipaes",-5.98907543853533,-76.2522732784954,"G","Genesys","PER"
"1170","Bactris gasipaes",-5.98907543853533,-76.2522732784954,"G","Genesys","PER"
"1171","Bactris gasipaes",-5.90302481101046,-76.1881298780176,"G","Genesys","PER"
"1172","Bactris gasipaes",-5.89592185320154,-76.2270888827454,"G","Genesys","PER"
"1173","Bactris gasipaes",-5.90302481101046,-76.1881298780176,"G","Genesys","PER"
"1174","Bactris gasipaes",-5.90302481101046,-76.1881298780176,"G","Genesys","PER"
"1175","Bactris gasipaes",-5.89592185320154,-76.2270888827454,"G","Genesys","PER"
"1176","Bactris gasipaes",-5.90302481101046,-76.1881298780176,"G","Genesys","PER"
"1177","Bactris gasipaes",-5.98907543853533,-76.2522732784954,"G","Genesys","PER"
"1178","Bactris gasipaes",-5.89592185320154,-76.2270888827454,"G","Genesys","PER"
"1179","Bactris gasipaes",-5.98907543853533,-76.2522732784954,"G","Genesys","PER"
"1180","Bactris gasipaes",-5.89592185320154,-76.2270888827454,"G","Genesys","PER"
"1181","Bactris gasipaes",-5.89592185320154,-76.2270888827454,"G","Genesys","PER"
"1182","Bactris gasipaes",-5.98907543853533,-76.2522732784954,"G","Genesys","PER"
"1183","Bactris gasipaes",-5.98907543853533,-76.2522732784954,"G","Genesys","PER"
"1184","Bactris gasipaes",-5.99848046248064,-76.2566309270267,"G","Genesys","PER"
"1185","Bactris gasipaes",-5.89592185320154,-76.2270888827454,"G","Genesys","PER"
"1186","Bactris gasipaes",-5.99848046248064,-76.2566309270267,"G","Genesys","PER"
"1187","Bactris gasipaes",-5.89592185320154,-76.2270888827454,"G","Genesys","PER"
"1188","Bactris gasipaes",-5.98907543853533,-76.2522732784954,"G","Genesys","PER"
"1189","Bactris gasipaes",-5.99848046248064,-76.2566309270267,"G","Genesys","PER"
"1190","Bactris gasipaes",-5.90302481101046,-76.1881298780176,"G","Genesys","PER"
"1191","Bactris gasipaes",-5.89592185320154,-76.2270888827454,"G","Genesys","PER"
"1192","Bactris gasipaes",-8.45317397358712,-75.1032849424109,"G","Genesys","PER"
"1193","Bactris gasipaes",-8.35045052112391,-74.8541367752944,"G","Genesys","PER"
"1194","Bactris gasipaes",-8.45317397358712,-75.1032849424109,"G","Genesys","PER"
"1195","Bactris gasipaes",-8.45317397358712,-75.1032849424109,"G","Genesys","PER"
"1196","Bactris gasipaes",-8.45317397358712,-75.1032849424109,"G","Genesys","PER"
"1197","Bactris gasipaes",-6.01342635702405,-76.2465922631833,"G","Genesys","PER"
"1198","Bactris gasipaes",-5.90344846245476,-76.1845629692835,"G","Genesys","PER"
"1199","Bactris gasipaes",-6.00189213252623,-76.2518056484197,"G","Genesys","PER"
"1200","Bactris gasipaes",-8.45317397358712,-75.1032849424109,"G","Genesys","PER"
"1201","Bactris gasipaes",-6.00189213252623,-76.2518056484197,"G","Genesys","PER"
"1202","Bactris gasipaes",-8.45317397358712,-75.1032849424109,"G","Genesys","PER"
"1203","Bactris gasipaes",-8.45317397358712,-75.1032849424109,"G","Genesys","PER"
"1204","Bactris gasipaes",-8.45317397358712,-75.1032849424109,"G","Genesys","PER"
"1205","Bactris gasipaes",-8.45317397358712,-75.1032849424109,"G","Genesys","PER"
"1206","Bactris gasipaes",-6.01342635702405,-76.2465922631833,"G","Genesys","PER"
"1207","Bactris gasipaes",-6.00189213252623,-76.2518056484197,"G","Genesys","PER"
"1208","Bactris gasipaes",-8.45317397358712,-75.1032849424109,"G","Genesys","PER"
"1209","Bactris gasipaes",-6.01342635702405,-76.2465922631833,"G","Genesys","PER"
"1210","Bactris gasipaes",-6.00189213252623,-76.2518056484197,"G","Genesys","PER"
"1211","Bactris gasipaes",-8.86509750251212,-75.1473973037827,"G","Genesys","PER"
"1212","Bactris gasipaes",-6.00189213252623,-76.2518056484197,"G","Genesys","PER"
"1213","Bactris gasipaes",-6.01342635702405,-76.2465922631833,"G","Genesys","PER"
"1214","Bactris gasipaes",-8.45317397358712,-75.1032849424109,"G","Genesys","PER"
"1215","Bactris gasipaes",-8.35045052112391,-74.8541367752944,"G","Genesys","PER"
"1216","Bactris gasipaes",-8.45317397358712,-75.1032849424109,"G","Genesys","PER"
"1217","Bactris gasipaes",-6.00189213252623,-76.2518056484197,"G","Genesys","PER"
"1218","Bactris gasipaes",-6.01342635702405,-76.2465922631833,"G","Genesys","PER"
"1219","Bactris gasipaes",-6.01342635702405,-76.2465922631833,"G","Genesys","PER"
"1220","Bactris gasipaes",-5.90344846245476,-76.1845629692835,"G","Genesys","PER"
"1221","Bactris gasipaes",-8.45317397358712,-75.1032849424109,"G","Genesys","PER"
"1222","Bactris gasipaes",-8.54678559212553,-75.0487699002016,"G","Genesys","PER"
"1223","Bactris gasipaes",-5.90344846245476,-76.1845629692835,"G","Genesys","PER"
"1224","Bactris gasipaes",-6.01342635702405,-76.2465922631833,"G","Genesys","PER"
"1225","Bactris gasipaes",-8.35045052112391,-74.8541367752944,"G","Genesys","PER"
"1226","Bactris gasipaes",-8.45317397358712,-75.1032849424109,"G","Genesys","PER"
"1227","Bactris gasipaes",-8.86509750251212,-75.1473973037827,"G","Genesys","PER"
"1228","Bactris gasipaes",-5.90344846245476,-76.1845629692835,"G","Genesys","PER"
"1229","Bactris gasipaes",-8.35045052112391,-74.8541367752944,"G","Genesys","PER"
"1230","Bactris gasipaes",-8.35045052112391,-74.8541367752944,"G","Genesys","PER"
"1231","Bactris gasipaes",-8.45317397358712,-75.1032849424109,"G","Genesys","PER"
"1232","Bactris gasipaes",-6.00189213252623,-76.2518056484197,"G","Genesys","PER"
"1233","Bactris gasipaes",-8.45317397358712,-75.1032849424109,"G","Genesys","PER"
"1234","Bactris gasipaes",-6.00189213252623,-76.2518056484197,"G","Genesys","PER"
"1235","Bactris gasipaes",-8.45317397358712,-75.1032849424109,"G","Genesys","PER"
"1236","Bactris gasipaes",-8.45317397358712,-75.1032849424109,"G","Genesys","PER"
"1237","Bactris gasipaes",-8.86509750251212,-75.1473973037827,"G","Genesys","PER"
"1238","Bactris gasipaes",-8.45317397358712,-75.1032849424109,"G","Genesys","PER"
"1239","Bactris gasipaes",-5.90344846245476,-76.1845629692835,"G","Genesys","PER"
"1240","Bactris gasipaes",-8.35045052112391,-74.8541367752944,"G","Genesys","PER"
"1241","Bactris gasipaes",-6.00189213252623,-76.2518056484197,"G","Genesys","PER"
"1242","Bactris gasipaes",-8.45317397358712,-75.1032849424109,"G","Genesys","PER"
"1243","Bactris gasipaes",-8.35045052112391,-74.8541367752944,"G","Genesys","PER"
"1244","Bactris gasipaes",-6.00189213252623,-76.2518056484197,"G","Genesys","PER"
"1245","Bactris gasipaes",-6.00189213252623,-76.2518056484197,"G","Genesys","PER"
"1246","Bactris gasipaes",-8.35045052112391,-74.8541367752944,"G","Genesys","PER"
"1247","Bactris gasipaes",-6.00189213252623,-76.2518056484197,"G","Genesys","PER"
"1248","Bactris gasipaes",-6.01342635702405,-76.2465922631833,"G","Genesys","PER"
"1249","Bactris gasipaes",-8.86509750251212,-75.1473973037827,"G","Genesys","PER"
"1250","Bactris gasipaes",-8.45317397358712,-75.1032849424109,"G","Genesys","PER"
"1251","Bactris gasipaes",-8.45317397358712,-75.1032849424109,"G","Genesys","PER"
"1252","Bactris gasipaes",-8.45317397358712,-75.1032849424109,"G","Genesys","PER"
"1253","Bactris gasipaes",-8.45317397358712,-75.1032849424109,"G","Genesys","PER"
"1254","Bactris gasipaes",-6.00189213252623,-76.2518056484197,"G","Genesys","PER"
"1255","Bactris gasipaes",-8.45317397358712,-75.1032849424109,"G","Genesys","PER"
"1256","Bactris gasipaes",-8.45317397358712,-75.1032849424109,"G","Genesys","PER"
"1257","Bactris gasipaes",-5.90344846245476,-76.1845629692835,"G","Genesys","PER"
"1258","Bactris gasipaes",-8.85380894113945,-75.1230198764753,"G","Genesys","PER"
"1259","Bactris gasipaes",-8.45317397358712,-75.1032849424109,"G","Genesys","PER"
"1260","Bactris gasipaes",-5.90344846245476,-76.1845629692835,"G","Genesys","PER"
"1261","Bactris gasipaes",-6.00189213252623,-76.2518056484197,"G","Genesys","PER"
"1262","Bactris gasipaes",-8.45317397358712,-75.1032849424109,"G","Genesys","PER"
"1263","Bactris gasipaes",-8.45317397358712,-75.1032849424109,"G","Genesys","PER"
"1264","Bactris gasipaes",-5.90344846245476,-76.1845629692835,"G","Genesys","PER"
"1265","Bactris gasipaes",-8.45317397358712,-75.1032849424109,"G","Genesys","PER"
"1266","Bactris gasipaes",-8.35045052112391,-74.8541367752944,"G","Genesys","PER"
"1267","Bactris gasipaes",-6.01342635702405,-76.2465922631833,"G","Genesys","PER"
"1268","Bactris gasipaes",-8.45317397358712,-75.1032849424109,"G","Genesys","PER"
"1269","Bactris gasipaes",-8.86509750251212,-75.1473973037827,"G","Genesys","PER"
"1270","Bactris gasipaes",-8.45317397358712,-75.1032849424109,"G","Genesys","PER"
"1271","Bactris gasipaes",-8.45317397358712,-75.1032849424109,"G","Genesys","PER"
"1272","Bactris gasipaes",-8.45317397358712,-75.1032849424109,"G","Genesys","PER"
"1273","Bactris gasipaes",-5.90344846245476,-76.1845629692835,"G","Genesys","PER"
"1274","Bactris gasipaes",-8.45317397358712,-75.1032849424109,"G","Genesys","PER"
"1275","Bactris gasipaes",-8.45317397358712,-75.1032849424109,"G","Genesys","PER"
"1276","Bactris gasipaes",-8.35045052112391,-74.8541367752944,"G","Genesys","PER"
"1277","Bactris gasipaes",-8.35045052112391,-74.8541367752944,"G","Genesys","PER"
"1278","Bactris gasipaes",-8.45317397358712,-75.1032849424109,"G","Genesys","PER"
"1279","Bactris gasipaes",-8.45317397358712,-75.1032849424109,"G","Genesys","PER"
"1280","Bactris gasipaes",-8.45317397358712,-75.1032849424109,"G","Genesys","PER"
"1281","Bactris gasipaes",-8.45317397358712,-75.1032849424109,"G","Genesys","PER"
"1282","Bactris gasipaes",-8.45317397358712,-75.1032849424109,"G","Genesys","PER"
"1283","Bactris gasipaes",-6.00189213252623,-76.2518056484197,"G","Genesys","PER"
"1284","Bactris gasipaes",-8.45317397358712,-75.1032849424109,"G","Genesys","PER"
"1285","Bactris gasipaes",-6.01342635702405,-76.2465922631833,"G","Genesys","PER"
"1286","Bactris gasipaes",-8.45317397358712,-75.1032849424109,"G","Genesys","PER"
"1287","Bactris gasipaes",-8.86509750251212,-75.1473973037827,"G","Genesys","PER"
"1288","Bactris gasipaes",-6.00189213252623,-76.2518056484197,"G","Genesys","PER"
"1289","Bactris gasipaes",-8.45317397358712,-75.1032849424109,"G","Genesys","PER"
"1290","Bactris gasipaes",-8.45317397358712,-75.1032849424109,"G","Genesys","PER"
"1291","Bactris gasipaes",-6.01342635702405,-76.2465922631833,"G","Genesys","PER"
"1292","Bactris gasipaes",-8.45317397358712,-75.1032849424109,"G","Genesys","PER"
"1293","Bactris gasipaes",-8.45317397358712,-75.1032849424109,"G","Genesys","PER"
"1294","Bactris gasipaes",-8.45317397358712,-75.1032849424109,"G","Genesys","PER"
"1295","Bactris gasipaes",-8.45317397358712,-75.1032849424109,"G","Genesys","PER"
"1296","Bactris gasipaes",-5.90344846245476,-76.1845629692835,"G","Genesys","PER"
"1297","Bactris gasipaes",-8.45317397358712,-75.1032849424109,"G","Genesys","PER"
"1298","Bactris gasipaes",-8.85380894113945,-75.1230198764753,"G","Genesys","PER"
"1299","Bactris gasipaes",-8.86509750251212,-75.1473973037827,"G","Genesys","PER"
"1300","Bactris gasipaes",-8.86509750251212,-75.1473973037827,"G","Genesys","PER"
"1301","Bactris gasipaes",-8.45317397358712,-75.1032849424109,"G","Genesys","PER"
"1302","Bactris gasipaes",-8.45317397358712,-75.1032849424109,"G","Genesys","PER"
"1303","Bactris gasipaes",-5.90344846245476,-76.1845629692835,"G","Genesys","PER"
"1304","Bactris gasipaes",-8.45317397358712,-75.1032849424109,"G","Genesys","PER"
